condicion,asset,horizonte_h,periodo,n,ret_medio,win_rate,base_ret_medio,base_win_rate
rsi_sobrecompra,BTC,4,IS,197,-0.000571562979380653,0.47715736040609136,-5.6233268463999304e-05,0.4922184925236497
rsi_sobrecompra,BTC,4,OOS,62,0.0013469109175949395,0.6290322580645161,-0.00020311177717099167,0.49656436097114065
rsi_sobrecompra,BTC,8,IS,197,-0.000659761744711761,0.4720812182741117,-0.00010659789793928578,0.4871833994507171
rsi_sobrecompra,BTC,8,OOS,62,0.0017270194394206002,0.6451612903225806,-0.00040288676370768225,0.48532783127005963
rsi_sobrecompra,BTC,24,IS,197,-0.0005374256742137936,0.467005076142132,-0.00027916210846818404,0.4868782422947818
rsi_sobrecompra,BTC,24,OOS,62,0.0028754374471301504,0.5161290322580645,-0.0012744741169645856,0.4712379199263691
rsi_sobrecompra,BTC,72,IS,197,-0.0015261267431496187,0.49238578680203043,-0.0009899981143431534,0.4774946597497711
rsi_sobrecompra,BTC,72,OOS,61,-0.00031151640987683816,0.5573770491803278,-0.0035416010329040472,0.4660307119590507
rsi_sobreventa,BTC,4,IS,201,0.00011436731017892314,0.5223880597014925,5.6233268463999304e-05,0.5077815074763503
rsi_sobreventa,BTC,4,OOS,76,0.0007520262957816016,0.5921052631578947,0.00020311177717099167,0.5032065964269354
rsi_sobreventa,BTC,8,IS,201,6.44854318798185e-05,0.5422885572139303,0.00010659789793928578,0.5128166005492829
rsi_sobreventa,BTC,8,OOS,76,0.0013251791664925267,0.5657894736842105,0.00040288676370768225,0.5146721687299404
rsi_sobreventa,BTC,24,IS,201,-0.0007085302201379964,0.48756218905472637,0.00027916210846818404,0.5131217577052182
rsi_sobreventa,BTC,24,OOS,76,-0.0020903619180226898,0.4605263157894737,0.0012744741169645856,0.5287620800736309
rsi_sobreventa,BTC,72,IS,201,-5.001334132131803e-05,0.4925373134328358,0.0009899981143431534,0.5225053402502289
rsi_sobreventa,BTC,72,OOS,76,0.0019438014614463776,0.5789473684210527,0.0035416010329040472,0.5339692880409492
div_alcista,BTC,4,IS,451,0.0006705928413279439,0.5587583148558758,5.6233268463999304e-05,0.5077815074763503
div_alcista,BTC,4,OOS,144,-0.0006797586321840492,0.5069444444444444,0.00020311177717099167,0.5032065964269354
div_alcista,BTC,8,IS,451,0.000207644980034662,0.5543237250554324,0.00010659789793928578,0.5128166005492829
div_alcista,BTC,8,OOS,144,-0.0013677397717064014,0.4791666666666667,0.00040288676370768225,0.5146721687299404
div_alcista,BTC,24,IS,451,0.0017230531341242148,0.5388026607538803,0.00027916210846818404,0.5131217577052182
div_alcista,BTC,24,OOS,144,0.0019445506327480239,0.5138888888888888,0.0012744741169645856,0.5287620800736309
div_alcista,BTC,72,IS,451,0.0048039892029519676,0.5787139689578714,0.0009899981143431534,0.5225053402502289
div_alcista,BTC,72,OOS,144,0.0026571211912143253,0.5902777777777778,0.0035416010329040472,0.5339692880409492
div_bajista,BTC,4,IS,488,-0.0009260687117340302,0.5163934426229508,-5.6233268463999304e-05,0.4922184925236497
div_bajista,BTC,4,OOS,176,-0.001004208116651935,0.5113636363636364,-0.00020311177717099167,0.49656436097114065
div_bajista,BTC,8,IS,488,-0.0005935942297350353,0.5327868852459017,-0.00010659789793928578,0.4871833994507171
div_bajista,BTC,8,OOS,176,-0.0013982447096756861,0.5284090909090909,-0.00040288676370768225,0.48532783127005963
div_bajista,BTC,24,IS,488,-0.0016255599349822422,0.5020491803278688,-0.00027916210846818404,0.4868782422947818
div_bajista,BTC,24,OOS,176,-0.00458088204825051,0.4659090909090909,-0.0012744741169645856,0.4712379199263691
div_bajista,BTC,72,IS,488,-0.0035783427981812862,0.48360655737704916,-0.0009899981143431534,0.4774946597497711
div_bajista,BTC,72,OOS,176,-0.0035448508783769038,0.5284090909090909,-0.0035416010329040472,0.4660307119590507
ema20_toque,BTC,4,IS,1265,0.00011287807031659314,0.4956521739130435,-5.187377377374764e-05,0.473146170277693
ema20_toque,BTC,4,OOS,408,6.391033210528699e-05,0.5122549019607843,0.0001324639789587284,0.4830508474576271
ema20_toque,BTC,8,IS,1265,0.00010548285027145127,0.4932806324110672,-5.1195709242262034e-05,0.4816905706438816
ema20_toque,BTC,8,OOS,408,0.0003732809372651482,0.48284313725490197,0.0002784573048222674,0.4850985786336543
ema20_toque,BTC,24,IS,1265,0.0006757881076469885,0.4964426877470356,0.00018639918653709636,0.49282880683552027
ema20_toque,BTC,24,OOS,405,0.0016171634664544506,0.5358024691358024,0.0008140339984328955,0.5124252185918086
ema20_toque,BTC,72,IS,1265,-0.0003810095522010699,0.4632411067193676,0.0003033958104557237,0.4860390601159597
ema20_toque,BTC,72,OOS,401,-0.0015591391308045143,0.456359102244389,-0.0004600800323410164,0.46649604467194045
vwap_ruptura_alza,BTC,4,IS,1067,0.000309967108002653,0.5220243673851921,5.6233268463999304e-05,0.5077815074763503
vwap_ruptura_alza,BTC,4,OOS,384,0.0013400085892438598,0.5598958333333334,0.00020311177717099167,0.5032065964269354
vwap_ruptura_alza,BTC,8,IS,1067,0.0004948679878222042,0.528584817244611,0.00010659789793928578,0.5128166005492829
vwap_ruptura_alza,BTC,8,OOS,383,0.002120090025291066,0.566579634464752,0.00040288676370768225,0.5146721687299404
vwap_ruptura_alza,BTC,24,IS,1067,0.0012325798263564888,0.5182755388940956,0.00027916210846818404,0.5131217577052182
vwap_ruptura_alza,BTC,24,OOS,379,0.0024499148297810846,0.5646437994722955,0.0012744741169645856,0.5287620800736309
vwap_ruptura_alza,BTC,72,IS,1067,0.0024387106087638347,0.5379568884723523,0.0009899981143431534,0.5225053402502289
vwap_ruptura_alza,BTC,72,OOS,379,0.004151426152083518,0.5329815303430079,0.0035416010329040472,0.5339692880409492
vwap_ruptura_baja,BTC,4,IS,1066,-0.00010370565741013166,0.47654784240150094,-5.6233268463999304e-05,0.4922184925236497
vwap_ruptura_baja,BTC,4,OOS,383,-0.0011924365468558933,0.4308093994778068,-0.00020311177717099167,0.49656436097114065
vwap_ruptura_baja,BTC,8,IS,1066,-0.000427534345662776,0.4709193245778612,-0.00010659789793928578,0.4871833994507171
vwap_ruptura_baja,BTC,8,OOS,382,-0.0017345265529721348,0.4607329842931937,-0.00040288676370768225,0.48532783127005963
vwap_ruptura_baja,BTC,24,IS,1066,-0.0017925515247238337,0.4540337711069418,-0.00027916210846818404,0.4868782422947818
vwap_ruptura_baja,BTC,24,OOS,379,-0.002249257995121638,0.44854881266490765,-0.0012744741169645856,0.4712379199263691
vwap_ruptura_baja,BTC,72,IS,1066,-0.002089785294960818,0.4652908067542214,-0.0009899981143431534,0.4774946597497711
vwap_ruptura_baja,BTC,72,OOS,378,-0.004501932910303336,0.4497354497354497,-0.0035416010329040472,0.4660307119590507
poc_zona,BTC,4,IS,258,-0.0003344183375915748,0.5193798449612403,5.6233268463999304e-05,0.5077815074763503
poc_zona,BTC,4,OOS,98,0.001038371646747392,0.4897959183673469,0.00020311177717099167,0.5032065964269354
poc_zona,BTC,8,IS,258,-0.00020517701437292187,0.5348837209302325,0.00010659789793928578,0.5128166005492829
poc_zona,BTC,8,OOS,98,0.0011167582066334586,0.46938775510204084,0.00040288676370768225,0.5146721687299404
poc_zona,BTC,24,IS,258,-2.0878984532633942e-05,0.49612403100775193,0.00027916210846818404,0.5131217577052182
poc_zona,BTC,24,OOS,98,0.005450995472494599,0.6020408163265306,0.0012744741169645856,0.5287620800736309
poc_zona,BTC,72,IS,258,-0.0013711241722427923,0.47674418604651164,0.0009899981143431534,0.5225053402502289
poc_zona,BTC,72,OOS,98,0.009910086373846203,0.5918367346938775,0.0035416010329040472,0.5339692880409492
fib_0.618,BTC,4,IS,291,-0.0004951715847405899,0.49140893470790376,9.136682846539644e-05,0.49382056759231
fib_0.618,BTC,4,OOS,92,0.0008796658114605937,0.532608695652174,0.0004073539547138621,0.5073293632615666
fib_0.618,BTC,8,IS,291,-9.110833942363346e-05,0.47766323024054985,0.0001835025975602454,0.4898535245651511
fib_0.618,BTC,8,OOS,92,0.0017651868749930702,0.5543478260869565,0.0008157439077578313,0.5073360843649702
fib_0.618,BTC,24,IS,291,-0.000453408126263218,0.5085910652920962,0.0005423819971378424,0.49641440341776016
fib_0.618,BTC,24,OOS,92,0.005115956715858393,0.5869565217391305,0.0023929837678227685,0.5020708697653015
fib_0.618,BTC,72,IS,291,0.0015116158294000205,0.5463917525773195,0.0012708842449191638,0.5019835215135795
fib_0.618,BTC,72,OOS,92,0.014833212145841972,0.6413043478260869,0.0072422631680898655,0.5423452768729642
fib_0.786,BTC,4,IS,202,0.0008384234913484026,0.5594059405940595,9.136682846539644e-05,0.49382056759231
fib_0.786,BTC,4,OOS,50,0.0004632309125242928,0.66,0.0004073539547138621,0.5073293632615666
fib_0.786,BTC,8,IS,202,0.000861946261695729,0.5445544554455446,0.0001835025975602454,0.4898535245651511
fib_0.786,BTC,8,OOS,50,0.0018812810173224137,0.66,0.0008157439077578313,0.5073360843649702
fib_0.786,BTC,24,IS,202,0.0004114326618191455,0.5841584158415841,0.0005423819971378424,0.49641440341776016
fib_0.786,BTC,24,OOS,50,0.008096317885319582,0.56,0.0023929837678227685,0.5020708697653015
fib_0.786,BTC,72,IS,202,0.008989927844796219,0.5792079207920792,0.0012708842449191638,0.5019835215135795
fib_0.786,BTC,72,OOS,50,0.010349938334217369,0.54,0.0072422631680898655,0.5423452768729642
rsi_sobrecompra,ETH,4,IS,202,-0.0026325935183270904,0.4752475247524752,1.63580669580798e-06,0.49351442087593467
rsi_sobrecompra,ETH,4,OOS,67,-0.0024095882287191775,0.5671641791044776,-0.0003238872216163553,0.4923253150057274
rsi_sobrecompra,ETH,8,IS,202,-0.0037927017139531482,0.4306930693069307,3.828497821267529e-06,0.48863116130016787
rsi_sobrecompra,ETH,8,OOS,67,-0.004295405013236445,0.582089552238806,-0.0006536848177387536,0.48543911946801194
rsi_sobrecompra,ETH,24,IS,202,-0.004508121601356848,0.4752475247524752,4.117677248005448e-05,0.494658934839005
rsi_sobrecompra,ETH,24,OOS,67,-0.002645174483911923,0.6417910447761194,-0.0020373633265128306,0.47479861910241655
rsi_sobrecompra,ETH,72,IS,202,-0.0021983503518990563,0.5297029702970297,-0.0002736213795651685,0.4975583702121166
rsi_sobrecompra,ETH,72,OOS,66,-0.006319278350621485,0.5303030303030303,-0.005403537718842406,0.4803351175238538
rsi_sobreventa,ETH,4,IS,191,0.0003164747324734478,0.5497382198952879,-1.63580669580798e-06,0.5064855791240653
rsi_sobreventa,ETH,4,OOS,62,0.0008217173699863726,0.5645161290322581,0.0003238872216163553,0.5069873997709049
rsi_sobreventa,ETH,8,IS,191,-0.0012901449248902234,0.5078534031413613,-3.828497821267529e-06,0.5113688386998322
rsi_sobreventa,ETH,8,OOS,62,-0.00016004864631669058,0.532258064516129,0.0006536848177387536,0.5145608805319881
rsi_sobreventa,ETH,24,IS,191,-0.004724667767288619,0.518324607329843,-4.117677248005448e-05,0.505341065160995
rsi_sobreventa,ETH,24,OOS,62,0.0026344031440451755,0.5483870967741935,0.0020373633265128306,0.5249712313003452
rsi_sobreventa,ETH,72,IS,191,0.0005588804412852293,0.5287958115183246,0.0002736213795651685,0.5024416297878834
rsi_sobreventa,ETH,72,OOS,62,0.011822072512390442,0.6612903225806451,0.005403537718842406,0.5196648824761462
div_alcista,ETH,4,IS,440,-0.0013398299762544098,0.5613636363636364,-1.63580669580798e-06,0.5064855791240653
div_alcista,ETH,4,OOS,132,0.0011938100201602149,0.5757575757575758,0.0003238872216163553,0.5069873997709049
div_alcista,ETH,8,IS,440,-0.0016157978154694211,0.5386363636363637,-3.828497821267529e-06,0.5113688386998322
div_alcista,ETH,8,OOS,132,0.0006239900742806702,0.5378787878787878,0.0006536848177387536,0.5145608805319881
div_alcista,ETH,24,IS,440,-0.004129713264461908,0.48863636363636365,-4.117677248005448e-05,0.505341065160995
div_alcista,ETH,24,OOS,132,0.004692146198120534,0.5984848484848485,0.0020373633265128306,0.5249712313003452
div_alcista,ETH,72,IS,440,0.0005735549245947509,0.5454545454545454,0.0002736213795651685,0.5024416297878834
div_alcista,ETH,72,OOS,132,0.003226738433155034,0.6212121212121212,0.005403537718842406,0.5196648824761462
div_bajista,ETH,4,IS,435,-0.001227783275410066,0.5310344827586206,1.63580669580798e-06,0.49351442087593467
div_bajista,ETH,4,OOS,160,-0.0023228158012055166,0.49375,-0.0003238872216163553,0.4923253150057274
div_bajista,ETH,8,IS,435,-0.002357594855180691,0.49885057471264366,3.828497821267529e-06,0.48863116130016787
div_bajista,ETH,8,OOS,160,-0.0016100357212667782,0.53125,-0.0006536848177387536,0.48543911946801194
div_bajista,ETH,24,IS,435,-0.0041183707524314606,0.5333333333333333,4.117677248005448e-05,0.494658934839005
div_bajista,ETH,24,OOS,160,-0.004820136156744848,0.4875,-0.0020373633265128306,0.47479861910241655
div_bajista,ETH,72,IS,435,-0.0070625292983975945,0.4827586206896552,-0.0002736213795651685,0.4975583702121166
div_bajista,ETH,72,OOS,157,-0.010584078023117437,0.46496815286624205,-0.005403537718842406,0.4803351175238538
ema20_toque,ETH,4,IS,1435,0.0001817313836888258,0.49337979094076656,0.00017169622030945548,0.4731420723332825
ema20_toque,ETH,4,OOS,440,0.0008298727465830792,0.5272727272727272,0.00019773780055917737,0.47949599083619704
ema20_toque,ETH,8,IS,1435,0.00020116401331143815,0.4759581881533101,0.0002529587191797902,0.47710972073859303
ema20_toque,ETH,8,OOS,439,0.0009695275202345996,0.5125284738041003,0.0005907041586739939,0.48635634028892455
ema20_toque,ETH,24,IS,1435,0.0015590654270528003,0.5114982578397212,0.0006837927819099191,0.48664733709751257
ema20_toque,ETH,24,OOS,438,0.0015303716230816817,0.502283105022831,0.00041876840587152945,0.4736478711162255
ema20_toque,ETH,72,IS,1435,-0.0022841054166718865,0.4912891986062718,-0.00016601580984732558,0.4832900961391729
ema20_toque,ETH,72,OOS,433,-0.0002450663184082707,0.4665127020785219,-0.0017311810400645004,0.4465906446357924
vwap_ruptura_alza,ETH,4,IS,1105,0.0003471825666416147,0.5122171945701357,-1.63580669580798e-06,0.5064855791240653
vwap_ruptura_alza,ETH,4,OOS,385,0.0013638673384192934,0.5298701298701298,0.0003238872216163553,0.5069873997709049
vwap_ruptura_alza,ETH,8,IS,1105,0.000408017176660926,0.5185520361990951,-3.828497821267529e-06,0.5113688386998322
vwap_ruptura_alza,ETH,8,OOS,385,0.0022921120823060316,0.5818181818181818,0.0006536848177387536,0.5145608805319881
vwap_ruptura_alza,ETH,24,IS,1105,0.0006399254418063324,0.5167420814479639,-4.117677248005448e-05,0.505341065160995
vwap_ruptura_alza,ETH,24,OOS,381,0.003799836969136685,0.5459317585301837,0.0020373633265128306,0.5249712313003452
vwap_ruptura_alza,ETH,72,IS,1105,0.0022541922319740974,0.5447963800904977,0.0002736213795651685,0.5024416297878834
vwap_ruptura_alza,ETH,72,OOS,381,0.005094739537639231,0.5590551181102362,0.005403537718842406,0.5196648824761462
vwap_ruptura_baja,ETH,4,IS,1112,-5.489827217350972e-05,0.4847122302158273,1.63580669580798e-06,0.49351442087593467
vwap_ruptura_baja,ETH,4,OOS,379,-0.0005699057221312896,0.44854881266490765,-0.0003238872216163553,0.4923253150057274
vwap_ruptura_baja,ETH,8,IS,1112,-0.00036598618236879764,0.48201438848920863,3.828497821267529e-06,0.48863116130016787
vwap_ruptura_baja,ETH,8,OOS,379,-0.002024298202175595,0.43007915567282323,-0.0006536848177387536,0.48543911946801194
vwap_ruptura_baja,ETH,24,IS,1112,-0.00018109509911134846,0.46402877697841727,4.117677248005448e-05,0.494658934839005
vwap_ruptura_baja,ETH,24,OOS,377,-0.0025008152750295746,0.4588859416445623,-0.0020373633265128306,0.47479861910241655
vwap_ruptura_baja,ETH,72,IS,1112,-0.0007302191647547387,0.46672661870503596,-0.0002736213795651685,0.4975583702121166
vwap_ruptura_baja,ETH,72,OOS,376,-0.00540865819627683,0.45478723404255317,-0.005403537718842406,0.4803351175238538
poc_zona,ETH,4,IS,263,0.0016107397910403326,0.596958174904943,-1.63580669580798e-06,0.5064855791240653
poc_zona,ETH,4,OOS,97,0.00032125530289729796,0.5670103092783505,0.0003238872216163553,0.5069873997709049
poc_zona,ETH,8,IS,263,0.002276014945986748,0.5513307984790875,-3.828497821267529e-06,0.5113688386998322
poc_zona,ETH,8,OOS,97,0.002936991290978925,0.5567010309278351,0.0006536848177387536,0.5145608805319881
poc_zona,ETH,24,IS,263,0.002702479631821505,0.5893536121673004,-4.117677248005448e-05,0.505341065160995
poc_zona,ETH,24,OOS,97,0.0037038780641893915,0.5567010309278351,0.0020373633265128306,0.5249712313003452
poc_zona,ETH,72,IS,263,0.006574622082272995,0.5513307984790875,0.0002736213795651685,0.5024416297878834
poc_zona,ETH,72,OOS,97,0.018188050019838777,0.6494845360824743,0.005403537718842406,0.5196648824761462
fib_0.618,ETH,4,IS,252,-0.0013681050634224347,0.5,-8.796548864603131e-05,0.48336639707004425
fib_0.618,ETH,4,OOS,108,0.002417187420255837,0.5740740740740741,0.00022632465595296374,0.49942726231386025
fib_0.618,ETH,8,IS,252,-0.001495701493453555,0.5119047619047619,-0.00024720325517090994,0.48306119334655884
fib_0.618,ETH,8,OOS,108,0.0030798987688765876,0.5925925925925926,0.0004685940520010889,0.4946113276771383
fib_0.618,ETH,24,IS,252,-0.00540427027820591,0.4603174603174603,-0.0009718035418414955,0.4700900350984282
fib_0.618,ETH,24,OOS,108,0.006623448437496294,0.6759259259259259,0.0015970021157378656,0.5120828538550057
fib_0.618,ETH,72,IS,252,-0.007247444587325469,0.4801587301587302,-0.0012551304468598522,0.48679993895925533
fib_0.618,ETH,72,OOS,108,0.008371595236598407,0.6203703703703703,0.007412251633772698,0.5091924598557133
fib_0.786,ETH,4,IS,132,-0.0002535347272238524,0.5227272727272727,-8.796548864603131e-05,0.48336639707004425
fib_0.786,ETH,4,OOS,72,-8.879182354649962e-05,0.625,0.00022632465595296374,0.49942726231386025
fib_0.786,ETH,8,IS,132,-2.689808247794614e-06,0.5454545454545454,-0.00024720325517090994,0.48306119334655884
fib_0.786,ETH,8,OOS,72,-0.0006225756679224768,0.625,0.0004685940520010889,0.4946113276771383
fib_0.786,ETH,24,IS,132,-0.008097241386901894,0.5151515151515151,-0.0009718035418414955,0.4700900350984282
fib_0.786,ETH,24,OOS,72,0.0013007930090525464,0.6527777777777778,0.0015970021157378656,0.5120828538550057
fib_0.786,ETH,72,IS,132,0.012385942943325422,0.5909090909090909,-0.0012551304468598522,0.48679993895925533
fib_0.786,ETH,72,OOS,72,-0.0009960604406247257,0.5555555555555556,0.007412251633772698,0.5091924598557133
rsi_sobrecompra,BNB,4,IS,192,-0.0006498744991750462,0.53125,-8.373573831764305e-05,0.47963075984131825
rsi_sobrecompra,BNB,4,OOS,61,0.0002885607175848773,0.5573770491803278,-0.00016830012232247913,0.49221255153458543
rsi_sobrecompra,BNB,8,IS,192,-0.0005529124505448268,0.53125,-0.00016203353152345024,0.4808513884650595
rsi_sobrecompra,BNB,8,OOS,61,0.0006725771871473835,0.5245901639344263,-0.0003442857266116368,0.47959651535992665
rsi_sobrecompra,BNB,24,IS,192,-0.0001574142567939586,0.5260416666666666,-0.00045667808205598795,0.47833384192859324
rsi_sobrecompra,BNB,24,OOS,61,-0.0018739016057323034,0.4918032786885246,-0.0011036485667066595,0.46732627703635526
rsi_sobrecompra,BNB,72,IS,192,-0.0004844019237901347,0.4635416666666667,-0.0014433553553708203,0.47184925236496794
rsi_sobrecompra,BNB,72,OOS,58,5.9219594034068304e-05,0.5517241379310345,-0.0030451661206450753,0.45137273150302465
rsi_sobreventa,BNB,4,IS,178,-0.0017596626704648691,0.5561797752808989,8.373573831764305e-05,0.5203692401586817
rsi_sobreventa,BNB,4,OOS,68,0.0016141195510034345,0.5441176470588235,0.00016830012232247913,0.5068712780577187
rsi_sobreventa,BNB,8,IS,178,-0.00032740335300144284,0.5168539325842697,0.00016203353152345024,0.5191486115349405
rsi_sobreventa,BNB,8,OOS,68,0.0023135254324223344,0.5882352941176471,0.0003442857266116368,0.5197157267308574
rsi_sobreventa,BNB,24,IS,178,0.0009875442739717803,0.5898876404494382,0.00045667808205598795,0.5216661580714068
rsi_sobreventa,BNB,24,OOS,68,0.002866071571879065,0.6470588235294118,0.0011036485667066595,0.5324436263230556
rsi_sobreventa,BNB,72,IS,178,0.0024251899927582015,0.5224719101123596,0.0014433553553708203,0.528150747635032
rsi_sobreventa,BNB,72,OOS,68,0.006965150024385283,0.6911764705882353,0.0030451661206450753,0.5486272684969753
div_alcista,BNB,4,IS,394,-0.0006282571808990685,0.5304568527918782,8.373573831764305e-05,0.5203692401586817
div_alcista,BNB,4,OOS,147,3.121454989166634e-05,0.4897959183673469,0.00016830012232247913,0.5068712780577187
div_alcista,BNB,8,IS,394,-0.0017063717057970698,0.5101522842639594,0.00016203353152345024,0.5191486115349405
div_alcista,BNB,8,OOS,147,0.00042797536850084505,0.5238095238095238,0.0003442857266116368,0.5197157267308574
div_alcista,BNB,24,IS,394,0.0016640160222412595,0.6192893401015228,0.00045667808205598795,0.5216661580714068
div_alcista,BNB,24,OOS,147,-0.0019012417175860656,0.48299319727891155,0.0011036485667066595,0.5324436263230556
div_alcista,BNB,72,IS,394,0.0016791008409586742,0.5634517766497462,0.0014433553553708203,0.528150747635032
div_alcista,BNB,72,OOS,147,0.009732218441304794,0.6462585034013606,0.0030451661206450753,0.5486272684969753
div_bajista,BNB,4,IS,558,0.0008169808556052774,0.521505376344086,-8.373573831764305e-05,0.47963075984131825
div_bajista,BNB,4,OOS,170,0.0001799860265801511,0.5470588235294118,-0.00016830012232247913,0.49221255153458543
div_bajista,BNB,8,IS,558,0.000679925153887254,0.5340501792114696,-0.00016203353152345024,0.4808513884650595
div_bajista,BNB,8,OOS,170,0.000433311325019121,0.4764705882352941,-0.0003442857266116368,0.47959651535992665
div_bajista,BNB,24,IS,558,-5.955007345857237e-06,0.5017921146953405,-0.00045667808205598795,0.47833384192859324
div_bajista,BNB,24,OOS,170,-0.0008732811423287745,0.5294117647058824,-0.0011036485667066595,0.46732627703635526
div_bajista,BNB,72,IS,558,0.0006005514551302787,0.496415770609319,-0.0014433553553708203,0.47184925236496794
div_bajista,BNB,72,OOS,166,0.0029800244096253176,0.5481927710843374,-0.0030451661206450753,0.45137273150302465
ema20_toque,BNB,4,IS,1389,-0.0001731052651945013,0.48740100791936647,6.518864872083854e-05,0.48497101007018617
ema20_toque,BNB,4,OOS,398,-0.0001319061801670579,0.5025125628140703,5.509272737854423e-05,0.4869445716903344
ema20_toque,BNB,8,IS,1389,3.5458533127472424e-05,0.47300215982721383,1.9070001896629316e-05,0.47871528837351235
ema20_toque,BNB,8,OOS,398,-0.00013821694593922762,0.4849246231155779,0.00026262555226286315,0.49174690508940855
ema20_toque,BNB,24,IS,1389,-0.0002412446470546866,0.4953203743700504,0.0002562524308176771,0.48519987793713765
ema20_toque,BNB,24,OOS,397,0.00043254947175022364,0.5113350125944585,0.0006663438968064481,0.4979291302346986
ema20_toque,BNB,72,IS,1389,-0.0009982055904356449,0.4895608351331893,-0.0007878473531033365,0.4857339029600244
ema20_toque,BNB,72,OOS,389,-0.0007586987565798636,0.4601542416452442,-0.0017588204492528115,0.46649604467194045
vwap_ruptura_alza,BNB,4,IS,1064,0.00035639042000312364,0.5206766917293233,8.373573831764305e-05,0.5203692401586817
vwap_ruptura_alza,BNB,4,OOS,340,0.0004909712479507549,0.5176470588235295,0.00016830012232247913,0.5068712780577187
vwap_ruptura_alza,BNB,8,IS,1064,0.0006390661473965166,0.543233082706767,0.00016203353152345024,0.5191486115349405
vwap_ruptura_alza,BNB,8,OOS,339,0.00039452062147058456,0.5368731563421829,0.0003442857266116368,0.5197157267308574
vwap_ruptura_alza,BNB,24,IS,1064,-0.00035712210599264015,0.5150375939849624,0.00045667808205598795,0.5216661580714068
vwap_ruptura_alza,BNB,24,OOS,335,0.0007249114700353008,0.5104477611940299,0.0011036485667066595,0.5324436263230556
vwap_ruptura_alza,BNB,72,IS,1064,0.002806965688730632,0.5319548872180451,0.0014433553553708203,0.528150747635032
vwap_ruptura_alza,BNB,72,OOS,335,0.0011716597243721938,0.5164179104477612,0.0030451661206450753,0.5486272684969753
vwap_ruptura_baja,BNB,4,IS,1064,0.0006167351467033448,0.5046992481203008,-8.373573831764305e-05,0.47963075984131825
vwap_ruptura_baja,BNB,4,OOS,353,-3.475343870196055e-05,0.49291784702549574,-0.00016830012232247913,0.49221255153458543
vwap_ruptura_baja,BNB,8,IS,1064,0.00034096146674139085,0.4793233082706767,-0.00016203353152345024,0.4808513884650595
vwap_ruptura_baja,BNB,8,OOS,352,-0.00012855603567391838,0.5142045454545454,-0.0003442857266116368,0.47959651535992665
vwap_ruptura_baja,BNB,24,IS,1064,0.0004065206750671837,0.48214285714285715,-0.00045667808205598795,0.47833384192859324
vwap_ruptura_baja,BNB,24,OOS,349,-8.864566824220247e-05,0.5157593123209169,-0.0011036485667066595,0.46732627703635526
vwap_ruptura_baja,BNB,72,IS,1064,-0.002090842494829482,0.4718045112781955,-0.0014433553553708203,0.47184925236496794
vwap_ruptura_baja,BNB,72,OOS,347,-0.0002495753789181613,0.49279538904899134,-0.0030451661206450753,0.45137273150302465
poc_zona,BNB,4,IS,272,0.0010402491230203112,0.5919117647058824,8.373573831764305e-05,0.5203692401586817
poc_zona,BNB,4,OOS,83,0.00035106283243976476,0.5421686746987951,0.00016830012232247913,0.5068712780577187
poc_zona,BNB,8,IS,272,0.0011039494081448381,0.5514705882352942,0.00016203353152345024,0.5191486115349405
poc_zona,BNB,8,OOS,83,0.0018384675777160648,0.5542168674698795,0.0003442857266116368,0.5197157267308574
poc_zona,BNB,24,IS,272,0.0012760997099870927,0.5,0.00045667808205598795,0.5216661580714068
poc_zona,BNB,24,OOS,83,0.003170063441750095,0.5783132530120482,0.0011036485667066595,0.5324436263230556
poc_zona,BNB,72,IS,272,0.0008516918417806933,0.5036764705882353,0.0014433553553708203,0.528150747635032
poc_zona,BNB,72,OOS,83,0.008882447716548636,0.6746987951807228,0.0030451661206450753,0.5486272684969753
fib_0.618,BNB,4,IS,304,0.0005058073476042052,0.5592105263157895,-4.450827052320157e-05,0.49122673176685994
fib_0.618,BNB,4,OOS,93,-0.0013240695400738942,0.44086021505376344,-0.00011451355265501391,0.4857993586807146
fib_0.618,BNB,8,IS,304,0.0006740807876767817,0.5526315789473685,-5.146352059540135e-05,0.48436069575831553
fib_0.618,BNB,8,OOS,93,-0.002930352224763602,0.3978494623655914,-0.0003722992889122136,0.479825767996332
fib_0.618,BNB,24,IS,304,0.001120921119668789,0.555921052631579,0.0004013655399746538,0.4848947207812023
fib_0.618,BNB,24,OOS,93,-0.00518961643455644,0.3870967741935484,-0.0020035904404601453,0.45605154164749195
fib_0.618,BNB,72,IS,304,0.0024028830817216682,0.5625,0.0016532372856343912,0.5081629539212694
fib_0.618,BNB,72,OOS,93,-0.00011597351895365285,0.43010752688172044,-0.004638425124596519,0.45742205677059095
fib_0.786,BNB,4,IS,148,-0.0010185901757259047,0.4594594594594595,-4.450827052320157e-05,0.49122673176685994
fib_0.786,BNB,4,OOS,62,-0.0008752828941346414,0.5161290322580645,-0.00011451355265501391,0.4857993586807146
fib_0.786,BNB,8,IS,148,-0.0011524851277159125,0.44594594594594594,-5.146352059540135e-05,0.48436069575831553
fib_0.786,BNB,8,OOS,62,-0.0006053800443580472,0.4838709677419355,-0.0003722992889122136,0.479825767996332
fib_0.786,BNB,24,IS,148,0.0006655509526602867,0.5405405405405406,0.0004013655399746538,0.4848947207812023
fib_0.786,BNB,24,OOS,62,-0.0023594554391609597,0.46774193548387094,-0.0020035904404601453,0.45605154164749195
fib_0.786,BNB,72,IS,148,0.00204089383349862,0.4797297297297297,0.0016532372856343912,0.5081629539212694
fib_0.786,BNB,72,OOS,62,0.0002177810320557624,0.4032258064516129,-0.004638425124596519,0.45742205677059095
rsi_sobrecompra,SOL,4,IS,193,-0.0015767476587513654,0.49740932642487046,5.669189519351315e-05,0.49530785076676587
rsi_sobrecompra,SOL,4,OOS,66,0.002618322546917913,0.6666666666666666,-0.00023962710494506256,0.505267979844251
rsi_sobrecompra,SOL,8,IS,193,-0.0011806577183229245,0.538860103626943,0.00011255714711979577,0.4985122453650721
rsi_sobrecompra,SOL,8,OOS,66,0.0026298327909976163,0.6212121212121212,-0.0004795059930507756,0.4965612104539202
rsi_sobrecompra,SOL,24,IS,193,-0.007409756717621924,0.40414507772020725,0.00039472045425754726,0.5129320210574502
rsi_sobrecompra,SOL,24,OOS,66,-0.0009705696711544908,0.5606060606060606,-0.0015543358775259018,0.4772204325816843
rsi_sobrecompra,SOL,72,IS,193,-0.00031175999940717886,0.5025906735751295,0.0010056584523694722,0.5082780193789578
rsi_sobrecompra,SOL,72,OOS,64,-0.0072501467840469964,0.515625,-0.0037797489304376456,0.4788273615635179
rsi_sobreventa,SOL,4,IS,208,0.0016886097210174708,0.6009615384615384,-5.669189519351315e-05,0.5046921492332341
rsi_sobreventa,SOL,4,OOS,59,0.0024436388687577018,0.6271186440677966,0.00023962710494506256,0.48900595510765005
rsi_sobreventa,SOL,8,IS,208,0.0013434368614485249,0.5288461538461539,-0.00011255714711979577,0.5014877546349279
rsi_sobreventa,SOL,8,OOS,59,0.002113211040609048,0.5932203389830508,0.0004795059930507756,0.5002292526364053
rsi_sobreventa,SOL,24,IS,208,0.0010917355212807325,0.5096153846153846,-0.00039472045425754726,0.4870679789425498
rsi_sobreventa,SOL,24,OOS,59,0.0006899283507307069,0.4406779661016949,0.0015543358775259018,0.5209387942936033
rsi_sobreventa,SOL,72,IS,208,0.0015060731857726296,0.5240384615384616,-0.0010056584523694722,0.49172198062104217
rsi_sobreventa,SOL,72,OOS,59,0.003609048703639479,0.6101694915254238,0.0037797489304376456,0.5200093066542578
div_alcista,SOL,4,IS,542,-5.6099292300139916e-05,0.5276752767527675,-5.669189519351315e-05,0.5046921492332341
div_alcista,SOL,4,OOS,157,0.0006770441598020236,0.554140127388535,0.00023962710494506256,0.48900595510765005
div_alcista,SOL,8,IS,542,-0.00022893880969567865,0.5276752767527675,-0.00011255714711979577,0.5014877546349279
div_alcista,SOL,8,OOS,157,0.0017773736201853875,0.5414012738853503,0.0004795059930507756,0.5002292526364053
div_alcista,SOL,24,IS,542,0.002692142908588569,0.5239852398523985,-0.00039472045425754726,0.4870679789425498
div_alcista,SOL,24,OOS,157,0.005140158150043598,0.5605095541401274,0.0015543358775259018,0.5209387942936033
div_alcista,SOL,72,IS,542,0.0039598966379638546,0.5295202952029521,-0.0010056584523694722,0.49172198062104217
div_alcista,SOL,72,OOS,157,0.00881753982455683,0.7261146496815286,0.0037797489304376456,0.5200093066542578
div_bajista,SOL,4,IS,567,0.000873240250069175,0.5326278659611993,5.669189519351315e-05,0.49530785076676587
div_bajista,SOL,4,OOS,161,-0.0012549566222278266,0.5652173913043478,-0.00023962710494506256,0.505267979844251
div_bajista,SOL,8,IS,567,0.001585505572956124,0.5414462081128748,0.00011255714711979577,0.4985122453650721
div_bajista,SOL,8,OOS,161,-0.0024190488358406545,0.515527950310559,-0.0004795059930507756,0.4965612104539202
div_bajista,SOL,24,IS,567,0.0023173721674076366,0.5343915343915344,0.00039472045425754726,0.5129320210574502
div_bajista,SOL,24,OOS,161,-0.0030230507347030868,0.4968944099378882,-0.0015543358775259018,0.4772204325816843
div_bajista,SOL,72,IS,567,0.006478026779513395,0.5590828924162258,0.0010056584523694722,0.5082780193789578
div_bajista,SOL,72,OOS,156,-0.005197880423375476,0.5512820512820513,-0.0037797489304376456,0.4788273615635179
ema20_toque,SOL,4,IS,1418,-0.0002967483068641349,0.4901269393511989,2.213933120469028e-05,0.48844129091325245
ema20_toque,SOL,4,OOS,437,0.00035207023326683684,0.4965675057208238,0.00020088431689032293,0.4869445716903344
ema20_toque,SOL,8,IS,1418,0.00016552968424096473,0.504231311706629,0.00017569248198746193,0.4980544747081712
ema20_toque,SOL,8,OOS,436,0.000398418424746845,0.49311926605504586,0.00048616154678880345,0.49816597890875747
ema20_toque,SOL,24,IS,1418,0.0017214449439896598,0.5119887165021156,0.00035638937108797153,0.4985885404745556
ema20_toque,SOL,24,OOS,434,0.002070482617228988,0.5023041474654378,0.0004269652791820961,0.4878048780487805
ema20_toque,SOL,72,IS,1418,0.0014764307506999622,0.5162200282087447,-0.00031972655331786456,0.49332417792019534
ema20_toque,SOL,72,OOS,429,0.004440894928888561,0.5011655011655012,-0.0009275610221314781,0.4471847370870172
vwap_ruptura_alza,SOL,4,IS,1025,1.2620181431490308e-05,0.5073170731707317,-5.669189519351315e-05,0.5046921492332341
vwap_ruptura_alza,SOL,4,OOS,371,0.0004154866321998106,0.5040431266846361,0.00023962710494506256,0.48900595510765005
vwap_ruptura_alza,SOL,8,IS,1025,-0.00018099701337803752,0.4975609756097561,-0.00011255714711979577,0.5014877546349279
vwap_ruptura_alza,SOL,8,OOS,370,0.0012406192586328613,0.527027027027027,0.0004795059930507756,0.5002292526364053
vwap_ruptura_alza,SOL,24,IS,1025,-0.0022639805699756475,0.4692682926829268,-0.00039472045425754726,0.4870679789425498
vwap_ruptura_alza,SOL,24,OOS,368,0.0031940991363713753,0.5570652173913043,0.0015543358775259018,0.5209387942936033
vwap_ruptura_alza,SOL,72,IS,1025,0.0009801398268672245,0.5073170731707317,-0.0010056584523694722,0.49172198062104217
vwap_ruptura_alza,SOL,72,OOS,366,0.004803425847198204,0.5300546448087432,0.0037797489304376456,0.5200093066542578
vwap_ruptura_baja,SOL,4,IS,1076,0.0003037012304734399,0.5,5.669189519351315e-05,0.49530785076676587
vwap_ruptura_baja,SOL,4,OOS,375,0.00037492766196314873,0.52,-0.00023962710494506256,0.505267979844251
vwap_ruptura_baja,SOL,8,IS,1076,0.0005512453868379897,0.5148698884758365,0.00011255714711979577,0.4985122453650721
vwap_ruptura_baja,SOL,8,OOS,375,-0.0008332452651333512,0.4826666666666667,-0.0004795059930507756,0.4965612104539202
vwap_ruptura_baja,SOL,24,IS,1076,0.001182102360527931,0.508364312267658,0.00039472045425754726,0.5129320210574502
vwap_ruptura_baja,SOL,24,OOS,374,-0.0026902459099293866,0.4411764705882353,-0.0015543358775259018,0.4772204325816843
vwap_ruptura_baja,SOL,72,IS,1076,0.0002570764899763367,0.5111524163568774,0.0010056584523694722,0.5082780193789578
vwap_ruptura_baja,SOL,72,OOS,371,-0.005562361400905944,0.4528301886792453,-0.0037797489304376456,0.4788273615635179
poc_zona,SOL,4,IS,203,-0.0023087319093206453,0.45320197044334976,-5.669189519351315e-05,0.5046921492332341
poc_zona,SOL,4,OOS,94,0.003641178300241045,0.6382978723404256,0.00023962710494506256,0.48900595510765005
poc_zona,SOL,8,IS,203,-0.002061906090519311,0.4187192118226601,-0.00011255714711979577,0.5014877546349279
poc_zona,SOL,8,OOS,94,0.005337605793678758,0.6170212765957447,0.0004795059930507756,0.5002292526364053
poc_zona,SOL,24,IS,203,0.0006270118981556915,0.5024630541871922,-0.00039472045425754726,0.4870679789425498
poc_zona,SOL,24,OOS,92,0.008730625043855557,0.6847826086956522,0.0015543358775259018,0.5209387942936033
poc_zona,SOL,72,IS,203,0.0023567990354665083,0.4975369458128079,-0.0010056584523694722,0.49172198062104217
poc_zona,SOL,72,OOS,89,0.014652154213895197,0.6741573033707865,0.0037797489304376456,0.5200093066542578
fib_0.618,SOL,4,IS,236,0.0004382988800255476,0.5127118644067796,0.0001848255686085304,0.4935530632486458
fib_0.618,SOL,4,OOS,98,6.124616250081219e-06,0.5510204081632653,3.610897470239769e-05,0.4956481905634448
fib_0.618,SOL,8,IS,236,-0.0003225787417217574,0.4830508474576271,0.00045976907464017355,0.501029983978027
fib_0.618,SOL,8,OOS,98,-0.00162327463112834,0.5306122448979592,4.674574900097493e-05,0.4885373681797341
fib_0.618,SOL,24,IS,236,0.0025312136965305685,0.5423728813559322,0.0012647833633518664,0.5088120851453422
fib_0.618,SOL,24,OOS,98,0.003997931193666182,0.5306122448979592,0.000618645743019895,0.49033594109526
fib_0.618,SOL,72,IS,236,-0.002045307578311686,0.5169491525423728,0.002129040479469917,0.5083543144884413
fib_0.618,SOL,72,OOS,98,0.005576712327217167,0.6428571428571429,0.0031959715738363406,0.49371800837598884
fib_0.786,SOL,4,IS,129,0.001753773483504668,0.5426356589147286,0.0001848255686085304,0.4935530632486458
fib_0.786,SOL,4,OOS,59,0.0016540836420756923,0.559322033898305,3.610897470239769e-05,0.4956481905634448
fib_0.786,SOL,8,IS,129,-0.0005725274195761254,0.5271317829457365,0.00045976907464017355,0.501029983978027
fib_0.786,SOL,8,OOS,59,0.00200874593880678,0.559322033898305,4.674574900097493e-05,0.4885373681797341
fib_0.786,SOL,24,IS,129,-0.0033059070234374814,0.49612403100775193,0.0012647833633518664,0.5088120851453422
fib_0.786,SOL,24,OOS,59,0.004710994966904792,0.6271186440677966,0.000618645743019895,0.49033594109526
fib_0.786,SOL,72,IS,129,-0.0006956796024988719,0.5038759689922481,0.002129040479469917,0.5083543144884413
fib_0.786,SOL,72,OOS,59,0.004642909166306312,0.5423728813559322,0.0031959715738363406,0.49371800837598884
rsi_sobrecompra,XRP,4,IS,194,-0.0032173492617096045,0.5051546391752577,-0.00043136520204539367,0.4988556606652426
rsi_sobrecompra,XRP,4,OOS,61,-0.003965674164940146,0.5081967213114754,-0.00014104980425942677,0.5226752175904719
rsi_sobrecompra,XRP,8,IS,194,-0.006775792777289475,0.5309278350515464,-0.0008595630307138208,0.5076289288983826
rsi_sobrecompra,XRP,8,OOS,61,-0.010141016256388398,0.45901639344262296,-0.00028486518736209966,0.5268225584594223
rsi_sobrecompra,XRP,24,IS,194,-0.017389924666683945,0.5154639175257731,-0.002602293892873376,0.5152578577967654
rsi_sobrecompra,XRP,24,OOS,61,-0.01682560447930494,0.5081967213114754,-0.0009942868866810685,0.5375057524160147
rsi_sobrecompra,XRP,72,IS,194,-0.027159288083604224,0.5103092783505154,-0.008212371913035553,0.5315837656393042
rsi_sobrecompra,XRP,72,OOS,60,-0.010277593621800129,0.5666666666666667,-0.0029089101716088953,0.559097254536994
rsi_sobreventa,XRP,4,IS,204,0.0021689360412946125,0.5588235294117647,0.00043136520204539367,0.5011443393347574
rsi_sobreventa,XRP,4,OOS,72,0.002443281166296476,0.6666666666666666,0.00014104980425942677,0.4738891433806688
rsi_sobreventa,XRP,8,IS,204,0.002245873472767993,0.5441176470588235,0.0008595630307138208,0.4923710711016173
rsi_sobreventa,XRP,8,OOS,72,0.0025918167352556015,0.5833333333333334,0.00028486518736209966,0.47042640990371387
rsi_sobreventa,XRP,24,IS,204,0.004034480506831316,0.5392156862745098,0.002602293892873376,0.48474214220323464
rsi_sobreventa,XRP,24,OOS,72,0.0046400422918815975,0.5416666666666666,0.0009942868866810685,0.4606534744592729
rsi_sobreventa,XRP,72,IS,204,0.0069021447997333,0.5147058823529411,0.008212371913035553,0.46841623436069574
rsi_sobreventa,XRP,72,OOS,72,0.001738350515684342,0.625,0.0029089101716088953,0.43973941368078173
div_alcista,XRP,4,IS,447,9.126785799309904e-06,0.5480984340044742,0.00043136520204539367,0.5011443393347574
div_alcista,XRP,4,OOS,187,0.0006570440956416619,0.5133689839572193,0.00014104980425942677,0.4738891433806688
div_alcista,XRP,8,IS,447,0.00044953100875673885,0.5458612975391499,0.0008595630307138208,0.4923710711016173
div_alcista,XRP,8,OOS,187,0.0008843344925304362,0.5187165775401069,0.00028486518736209966,0.47042640990371387
div_alcista,XRP,24,IS,447,0.0009453792324711054,0.5436241610738255,0.002602293892873376,0.48474214220323464
div_alcista,XRP,24,OOS,187,0.0024724430152664855,0.5508021390374331,0.0009942868866810685,0.4606534744592729
div_alcista,XRP,72,IS,447,0.004027756890093812,0.5055928411633109,0.008212371913035553,0.46841623436069574
div_alcista,XRP,72,OOS,187,-0.0010164040424719002,0.5828877005347594,0.0029089101716088953,0.43973941368078173
div_bajista,XRP,4,IS,436,-0.0014415988377589628,0.5275229357798165,-0.00043136520204539367,0.4988556606652426
div_bajista,XRP,4,OOS,125,-0.005033067062876347,0.48,-0.00014104980425942677,0.5226752175904719
div_bajista,XRP,8,IS,436,-0.003386488220439927,0.5344036697247706,-0.0008595630307138208,0.5076289288983826
div_bajista,XRP,8,OOS,125,-0.004134342725467638,0.48,-0.00028486518736209966,0.5268225584594223
div_bajista,XRP,24,IS,436,-0.009047035281247342,0.5137614678899083,-0.002602293892873376,0.5152578577967654
div_bajista,XRP,24,OOS,124,-0.01371650091415719,0.5403225806451613,-0.0009942868866810685,0.5375057524160147
div_bajista,XRP,72,IS,436,-0.019223443073233353,0.5275229357798165,-0.008212371913035553,0.5315837656393042
div_bajista,XRP,72,OOS,119,-0.026776532938873988,0.5126050420168067,-0.0029089101716088953,0.559097254536994
ema20_toque,XRP,4,IS,1403,-6.227510930054847e-05,0.48467569493941554,0.0004465948640304037,0.48306377784559046
ema20_toque,XRP,4,OOS,433,-0.00040956857410322673,0.49884526558891457,0.00016059103932239367,0.4857993586807146
ema20_toque,XRP,8,IS,1403,0.0005526183105335256,0.48467569493941554,0.0010252029104270942,0.48939578883124807
ema20_toque,XRP,8,OOS,432,-0.0005158625431492955,0.49537037037037035,0.0005392540871549122,0.4880788629069234
ema20_toque,XRP,24,IS,1403,0.0017545146745947887,0.4796863863150392,0.0023524480726579695,0.4813091241989625
ema20_toque,XRP,24,OOS,429,-0.0003106380417981268,0.48951048951048953,0.0010450344573637073,0.4753796594569719
ema20_toque,XRP,72,IS,1403,0.0012328507140790693,0.5046329294369208,0.003938347511609172,0.49046383887702166
ema20_toque,XRP,72,OOS,425,-0.0006283878950669154,0.48,0.0014821712515826757,0.45579339227547694
vwap_ruptura_alza,XRP,4,IS,1020,0.0009826079060788956,0.5186274509803922,0.00043136520204539367,0.5011443393347574
vwap_ruptura_alza,XRP,4,OOS,373,-9.044568798962437e-05,0.4691689008042895,0.00014104980425942677,0.4738891433806688
vwap_ruptura_alza,XRP,8,IS,1020,0.0020059656567983533,0.5107843137254902,0.0008595630307138208,0.4923710711016173
vwap_ruptura_alza,XRP,8,OOS,372,0.00034351762157073504,0.4650537634408602,0.00028486518736209966,0.47042640990371387
vwap_ruptura_alza,XRP,24,IS,1020,0.0032264755753354337,0.4803921568627451,0.002602293892873376,0.48474214220323464
vwap_ruptura_alza,XRP,24,OOS,370,0.0003829947044087147,0.4540540540540541,0.0009942868866810685,0.4606534744592729
vwap_ruptura_alza,XRP,72,IS,1020,0.00915017962934042,0.45588235294117646,0.008212371913035553,0.46841623436069574
vwap_ruptura_alza,XRP,72,OOS,369,0.001146082747355331,0.44173441734417346,0.0029089101716088953,0.43973941368078173
vwap_ruptura_baja,XRP,4,IS,1043,-0.0009644372177117185,0.48609779482262705,-0.00043136520204539367,0.4988556606652426
vwap_ruptura_baja,XRP,4,OOS,379,-1.569096454724833e-05,0.5329815303430079,-0.00014104980425942677,0.5226752175904719
vwap_ruptura_baja,XRP,8,IS,1043,-0.002364865374196594,0.49856184084372,-0.0008595630307138208,0.5076289288983826
vwap_ruptura_baja,XRP,8,OOS,378,-0.00029990614390163693,0.5396825396825397,-0.00028486518736209966,0.5268225584594223
vwap_ruptura_baja,XRP,24,IS,1043,-0.002147106044428778,0.5225311601150527,-0.002602293892873376,0.5152578577967654
vwap_ruptura_baja,XRP,24,OOS,376,-0.0005770376458078195,0.5398936170212766,-0.0009942868866810685,0.5375057524160147
vwap_ruptura_baja,XRP,72,IS,1043,-0.006285723049276487,0.5541706615532119,-0.008212371913035553,0.5315837656393042
vwap_ruptura_baja,XRP,72,OOS,374,-0.0012492392959450713,0.5427807486631016,-0.0029089101716088953,0.559097254536994
poc_zona,XRP,4,IS,212,5.674847023189071e-06,0.5283018867924528,0.00043136520204539367,0.5011443393347574
poc_zona,XRP,4,OOS,91,0.0006528748291341153,0.5384615384615384,0.00014104980425942677,0.4738891433806688
poc_zona,XRP,8,IS,212,-0.00119524816498593,0.5047169811320755,0.0008595630307138208,0.4923710711016173
poc_zona,XRP,8,OOS,91,0.00021845018667676264,0.4945054945054945,0.00028486518736209966,0.47042640990371387
poc_zona,XRP,24,IS,212,-0.0026528234833339093,0.5377358490566038,0.002602293892873376,0.48474214220323464
poc_zona,XRP,24,OOS,90,0.004343445851627912,0.5444444444444444,0.0009942868866810685,0.4606534744592729
poc_zona,XRP,72,IS,212,-0.000294839737689384,0.46226415094339623,0.008212371913035553,0.46841623436069574
poc_zona,XRP,72,OOS,90,0.02364687035998435,0.6111111111111112,0.0029089101716088953,0.43973941368078173
fib_0.618,XRP,4,IS,241,0.0004336431470769927,0.5145228215767634,0.0003856044670631856,0.5007628928898382
fib_0.618,XRP,4,OOS,87,0.0008968690291478106,0.6436781609195402,7.907884699700173e-05,0.5137425561154375
fib_0.618,XRP,8,IS,241,7.166442353693775e-05,0.5062240663900415,0.0005630706955248617,0.496032956972841
fib_0.618,XRP,8,OOS,87,0.0010509770418912626,0.6206896551724138,0.00014920043065308995,0.5091701054562128
fib_0.618,XRP,24,IS,241,0.0027134765671448452,0.6016597510373444,0.0014541344190714426,0.4922184925236497
fib_0.618,XRP,24,OOS,87,0.000858061518244686,0.6206896551724138,-0.0003419373697390963,0.5078232857800277
fib_0.618,XRP,72,IS,241,0.005167355278403772,0.5269709543568465,0.005476584158938625,0.48161428135489776
fib_0.618,XRP,72,OOS,87,-0.00524690096361388,0.4827586206896552,-0.0018269161586002046,0.49371800837598884
fib_0.786,XRP,4,IS,128,-0.0009673485612866645,0.5234375,0.0003856044670631856,0.5007628928898382
fib_0.786,XRP,4,OOS,37,-0.0027900719416296457,0.5135135135135135,7.907884699700173e-05,0.5137425561154375
fib_0.786,XRP,8,IS,128,-0.002215296739223805,0.5234375,0.0005630706955248617,0.496032956972841
fib_0.786,XRP,8,OOS,37,-0.004821298298362498,0.5405405405405406,0.00014920043065308995,0.5091701054562128
fib_0.786,XRP,24,IS,128,-0.003714275484432589,0.578125,0.0014541344190714426,0.4922184925236497
fib_0.786,XRP,24,OOS,37,-0.008695591675840391,0.5405405405405406,-0.0003419373697390963,0.5078232857800277
fib_0.786,XRP,72,IS,128,-0.013810357162562847,0.4375,0.005476584158938625,0.48161428135489776
fib_0.786,XRP,72,OOS,37,-0.004707754085969117,0.6756756756756757,-0.0018269161586002046,0.49371800837598884
rsi_sobrecompra,ADA,4,IS,193,-0.005256458177355305,0.43005181347150256,-0.00012172252991843191,0.5033572409583397
rsi_sobrecompra,ADA,4,OOS,64,-0.002372222092532022,0.546875,5.433838285835066e-05,0.5266895761741123
rsi_sobrecompra,ADA,8,IS,193,-0.009960725614800619,0.42487046632124353,-0.0002514123674984713,0.5099954219441477
rsi_sobrecompra,ADA,8,OOS,64,-0.00205719780199708,0.453125,0.00010170742794584382,0.5324466865397844
rsi_sobrecompra,ADA,24,IS,193,-0.020830703660329766,0.43005181347150256,-0.0007439550514876693,0.5315122844498703
rsi_sobrecompra,ADA,24,OOS,64,-0.007009697897793004,0.53125,0.00017072718154554278,0.5459148446490218
rsi_sobrecompra,ADA,72,IS,193,-0.02775083120165494,0.48186528497409326,-0.0024084072570301797,0.5363955440256372
rsi_sobrecompra,ADA,72,OOS,62,-0.01760742450689732,0.43548387096774194,0.0007214224888817873,0.5452641377705376
rsi_sobreventa,ADA,4,IS,220,-0.00025531565882702363,0.5772727272727273,0.00012172252991843191,0.49664275904166033
rsi_sobreventa,ADA,4,OOS,85,-0.0008931210469509817,0.4470588235294118,-5.433838285835066e-05,0.4611683848797251
rsi_sobreventa,ADA,8,IS,220,-0.00038885402817288633,0.5272727272727272,0.0002514123674984713,0.4900045780558523
rsi_sobreventa,ADA,8,OOS,85,0.00018896863110210373,0.49411764705882355,-0.00010170742794584382,0.45700527401972024
rsi_sobreventa,ADA,24,IS,220,-0.002267436663095606,0.5363636363636364,0.0007439550514876693,0.4684877155501297
rsi_sobreventa,ADA,24,OOS,85,-0.004397532683350962,0.4823529411764706,-0.00017072718154554278,0.447180667433832
rsi_sobreventa,ADA,72,IS,220,0.0017571436149126914,0.4818181818181818,0.0024084072570301797,0.4636044559743629
rsi_sobreventa,ADA,72,OOS,85,-0.029179791873645285,0.4235294117647059,-0.0007214224888817873,0.45217593670002326
div_alcista,ADA,4,IS,537,-0.0004797784505372292,0.5288640595903166,0.00012172252991843191,0.49664275904166033
div_alcista,ADA,4,OOS,206,-0.0016145510308401732,0.41262135922330095,-5.433838285835066e-05,0.4611683848797251
div_alcista,ADA,8,IS,537,0.0004268879261696742,0.5139664804469274,0.0002514123674984713,0.4900045780558523
div_alcista,ADA,8,OOS,206,-0.0033229804893809686,0.4320388349514563,-0.00010170742794584382,0.45700527401972024
div_alcista,ADA,24,IS,537,0.0027891878941922275,0.5139664804469274,0.0007439550514876693,0.4684877155501297
div_alcista,ADA,24,OOS,206,-0.0034544094476541337,0.5097087378640777,-0.00017072718154554278,0.447180667433832
div_alcista,ADA,72,IS,537,0.0019334801413130195,0.48417132216014896,0.0024084072570301797,0.4636044559743629
div_alcista,ADA,72,OOS,206,-0.011279357654510786,0.4320388349514563,-0.0007214224888817873,0.45217593670002326
div_bajista,ADA,4,IS,470,-0.002221038929094611,0.5085106382978724,-0.00012172252991843191,0.5033572409583397
div_bajista,ADA,4,OOS,113,-0.0020795445722652387,0.5575221238938053,5.433838285835066e-05,0.5266895761741123
div_bajista,ADA,8,IS,470,-0.0037215895846626993,0.5297872340425532,-0.0002514123674984713,0.5099954219441477
div_bajista,ADA,8,OOS,113,-0.003497204542861442,0.5575221238938053,0.00010170742794584382,0.5324466865397844
div_bajista,ADA,24,IS,470,-0.005834997230288351,0.5234042553191489,-0.0007439550514876693,0.5315122844498703
div_bajista,ADA,24,OOS,113,-0.013047531728222319,0.4778761061946903,0.00017072718154554278,0.5459148446490218
div_bajista,ADA,72,IS,470,-0.010068713113345801,0.5170212765957447,-0.0024084072570301797,0.5363955440256372
div_bajista,ADA,72,OOS,111,-0.021322864468686267,0.43243243243243246,0.0007214224888817873,0.5452641377705376
ema20_toque,ADA,4,IS,1412,0.0001258290625375416,0.48654390934844194,1.2469215286160236e-05,0.48817335571493975
ema20_toque,ADA,4,OOS,477,0.00026304710040028344,0.48427672955974843,0.00031360546392784943,0.4882016036655212
ema20_toque,ADA,8,IS,1412,3.210088950240167e-05,0.48371104815864024,0.0001840143525004395,0.48794445292232563
ema20_toque,ADA,8,OOS,477,0.00047728776392543144,0.48846960167714887,0.00045721863848781867,0.47924787892685167
ema20_toque,ADA,24,IS,1412,-0.0006880262940741867,0.48441926345609065,0.0010970278362623313,0.49114909201892265
ema20_toque,ADA,24,OOS,473,-0.001138660063110958,0.47357293868921774,0.0006440695432712039,0.4727272727272727
ema20_toque,ADA,72,IS,1412,-0.003485582426444519,0.49291784702549574,0.0008315344636149207,0.4922173050511216
ema20_toque,ADA,72,OOS,467,-0.0003921697599424,0.4732334047109208,0.004038451559099793,0.5036071677914824
vwap_ruptura_alza,ADA,4,IS,1040,0.00032048921062350526,0.49615384615384617,0.00012172252991843191,0.49664275904166033
vwap_ruptura_alza,ADA,4,OOS,349,-0.0008726353740251226,0.4269340974212034,-5.433838285835066e-05,0.4611683848797251
vwap_ruptura_alza,ADA,8,IS,1040,-4.217999196252365e-05,0.5019230769230769,0.0002514123674984713,0.4900045780558523
vwap_ruptura_alza,ADA,8,OOS,348,-7.128564911331686e-05,0.41954022988505746,-0.00010170742794584382,0.45700527401972024
vwap_ruptura_alza,ADA,24,IS,1040,-0.002434897140082489,0.4375,0.0007439550514876693,0.4684877155501297
vwap_ruptura_alza,ADA,24,OOS,346,-0.0016101245349568112,0.3901734104046243,-0.00017072718154554278,0.447180667433832
vwap_ruptura_alza,ADA,72,IS,1040,-0.003702399950555866,0.4394230769230769,0.0024084072570301797,0.4636044559743629
vwap_ruptura_alza,ADA,72,OOS,346,-0.0018288328948764744,0.45375722543352603,-0.0007214224888817873,0.45217593670002326
vwap_ruptura_baja,ADA,4,IS,1082,0.00095245410117997,0.512014787430684,-0.00012172252991843191,0.5033572409583397
vwap_ruptura_baja,ADA,4,OOS,370,0.0008004885501188256,0.5378378378378378,5.433838285835066e-05,0.5266895761741123
vwap_ruptura_baja,ADA,8,IS,1082,0.0011301001661421241,0.5268022181146026,-0.0002514123674984713,0.5099954219441477
vwap_ruptura_baja,ADA,8,OOS,369,0.00048683155481799446,0.5555555555555556,0.00010170742794584382,0.5324466865397844
vwap_ruptura_baja,ADA,24,IS,1082,0.002038939026379305,0.5619223659889094,-0.0007439550514876693,0.5315122844498703
vwap_ruptura_baja,ADA,24,OOS,368,0.0011165783187607491,0.5733695652173914,0.00017072718154554278,0.5459148446490218
vwap_ruptura_baja,ADA,72,IS,1082,0.003784066511251695,0.5499075785582255,-0.0024084072570301797,0.5363955440256372
vwap_ruptura_baja,ADA,72,OOS,366,-0.00033353702211288863,0.5218579234972678,0.0007214224888817873,0.5452641377705376
poc_zona,ADA,4,IS,195,-0.0002131382615935803,0.49743589743589745,0.00012172252991843191,0.49664275904166033
poc_zona,ADA,4,OOS,123,-0.0011814788970424177,0.42276422764227645,-5.433838285835066e-05,0.4611683848797251
poc_zona,ADA,8,IS,195,0.0011664037656471172,0.48717948717948717,0.0002514123674984713,0.4900045780558523
poc_zona,ADA,8,OOS,123,-0.001101187410137044,0.4146341463414634,-0.00010170742794584382,0.45700527401972024
poc_zona,ADA,24,IS,195,-0.0027482973962327166,0.4461538461538462,0.0007439550514876693,0.4684877155501297
poc_zona,ADA,24,OOS,123,-0.004031856624927093,0.43902439024390244,-0.00017072718154554278,0.447180667433832
poc_zona,ADA,72,IS,195,0.008693819127933407,0.4666666666666667,0.0024084072570301797,0.4636044559743629
poc_zona,ADA,72,OOS,123,-0.0032428013685950646,0.3983739837398374,-0.0007214224888817873,0.45217593670002326
fib_0.618,ADA,4,IS,224,0.00036791635207353887,0.48214285714285715,2.666194483185218e-05,0.4945063329772623
fib_0.618,ADA,4,OOS,74,-0.001578421690569565,0.43243243243243246,0.00024943359620829353,0.4838487972508591
fib_0.618,ADA,8,IS,224,-0.001219303722267633,0.45535714285714285,-4.2944762408427075e-06,0.4887837631619106
fib_0.618,ADA,8,OOS,74,-0.004484050660816674,0.40540540540540543,0.0005076502806361615,0.47924787892685167
fib_0.618,ADA,24,IS,224,0.0006226288049442656,0.5133928571428571,4.0314002173560215e-05,0.49023348084846635
fib_0.618,ADA,24,OOS,74,-0.0062262177124539075,0.3783783783783784,0.0008339181024673547,0.47848101265822784
fib_0.618,ADA,72,IS,224,0.007076417179761392,0.5401785714285714,0.0021050083816837152,0.4956508469403327
fib_0.618,ADA,72,OOS,74,-0.014691801144184164,0.33783783783783783,-0.002598342602219164,0.45380498021875726
fib_0.786,ADA,4,IS,104,0.0024959597893388385,0.6442307692307693,2.666194483185218e-05,0.4945063329772623
fib_0.786,ADA,4,OOS,40,0.0009452497320506486,0.5,0.00024943359620829353,0.4838487972508591
fib_0.786,ADA,8,IS,104,0.0017292631803651887,0.6346153846153846,-4.2944762408427075e-06,0.4887837631619106
fib_0.786,ADA,8,OOS,40,-0.0019637677401646235,0.475,0.0005076502806361615,0.47924787892685167
fib_0.786,ADA,24,IS,104,-0.0008985251463731106,0.49038461538461536,4.0314002173560215e-05,0.49023348084846635
fib_0.786,ADA,24,OOS,40,-0.010218827926351278,0.3,0.0008339181024673547,0.47848101265822784
fib_0.786,ADA,72,IS,104,0.005997000682000834,0.5480769230769231,0.0021050083816837152,0.4956508469403327
fib_0.786,ADA,72,OOS,40,-0.0254643982115616,0.15,-0.002598342602219164,0.45380498021875726
