condicion,horizonte_h,periodo,n,ret_medio,win_rate,base_ret_medio,base_win_rate,edge,edge_neto_costo
div_alcista,4,IS,2811.0,-0.0002912089357880281,0.5418000711490573,0.0001014199810437084,0.505564006218913,-0.0003926289168317365,-0.0013926289168317365
div_alcista,4,OOS,973.0,-4.023444493160014e-05,0.5025693730729702,0.00015369515842903752,0.4874471290637536,-0.00019392960336063768,-0.0011939296033606378
div_alcista,8,IS,2811.0,-0.00034988234168717143,0.5314834578441836,0.00020222677576888195,0.5036840338068181,-0.0005521091174560534,-0.0015521091174560534
div_alcista,8,OOS,973.0,-0.0002998882122212037,0.5015416238437821,0.00031090708377818385,0.4923760104015852,-0.0006107952959993876,-0.0016107952959993877
div_alcista,24,IS,2811.0,0.001065515941814533,0.5353966559943081,0.000582179381683982,0.4950383966837969,0.000483336560130551,-0.000516663439869449
div_alcista,24,OOS,973.0,0.0012103179691442965,0.5344295991778006,0.0010374975872877881,0.49717981814089085,0.0001728203818565084,-0.0008271796181434916
div_alcista,72,IS,2811.0,0.00286925619787413,0.5321949484169335,0.001976073506780998,0.4943673366210577,0.0008931826910931321,-0.0001068173089068679
div_alcista,72,OOS,973.0,0.0011407292448788152,0.5899280575539568,0.002733474510606508,0.496563746040116,-0.001592745265727693,-0.002592745265727693
div_bajista,4,IS,2954.0,-0.0005780061296039246,0.523019634394042,-9.701940205068813e-05,0.4933763994953453,-0.0004809867275532365,-0.0014809867275532365
div_bajista,4,OOS,905.0,-0.0017502358761427546,0.5259668508287293,-0.00018370342674157194,0.5039137908885357,-0.0015665324494011828,-0.0025665324494011828
div_bajista,8,IS,2954.0,-0.0011044359577800829,0.5294515910629655,-0.00019291891669965757,0.4950222184483637,-0.0009115170410804252,-0.0019115170410804252
div_bajista,8,OOS,905.0,-0.0019132350007176771,0.5138121546961326,-0.00037054352344562195,0.4978839948056404,-0.001542691477272055,-0.002542691477272055
div_bajista,24,IS,2954.0,-0.0026950214900532308,0.5179417738659445,-0.0005530122195730733,0.5027011368725045,-0.0021420092704801576,-0.0031420092704801577
div_bajista,24,OOS,904.0,-0.005960003525109478,0.49889380530973454,-0.0012081341945613148,0.49062245625020406,-0.004751869330548163,-0.005751869330548163
div_bajista,72,IS,2954.0,-0.004713608320098476,0.512186865267434,-0.0018787657043335883,0.5026463210285939,-0.0028348426157648876,-0.0038348426157648876
div_bajista,72,OOS,885.0,-0.009214717145788389,0.5107344632768361,-0.003201014719751757,0.4905263877648371,-0.006013702426036632,-0.007013702426036632
ema20_toque,4,IS,8322.0,-2.0110353279285145e-05,0.48954578226387885,0.00011378075982462005,0.4819469504072195,-0.0001338911131039052,-0.0011338911131039053
ema20_toque,4,OOS,2593.0,0.00016995978809520578,0.5032780563054378,0.00018121442883112674,0.48510797776678405,-1.1254640735920956e-05,-0.001011254640735921
ema20_toque,8,IS,8322.0,0.0001834569941262887,0.48570055275174234,0.0002730162594309073,0.48555247068829027,-8.955926530461862e-05,-0.0010895592653046187
ema20_toque,8,OOS,2590.0,0.00027082430009456245,0.49305019305019304,0.0004403367437974972,0.48795273958419727,-0.00016951244370293477,-0.0011695124437029348
ema20_toque,24,IS,8322.0,0.0008036700217539443,0.49663542417688056,0.000832470598216799,0.4892439040388526,-2.8800576462854714e-05,-0.0010288005764628547
ema20_toque,24,OOS,2576.0,0.0006691442706534042,0.5015527950310559,0.0006661143111454007,0.4859910856995249,3.0299595080035286e-06,-0.0009969700404919965
ema20_toque,72,IS,8322.0,-0.000750366492594064,0.49351117519826965,0.0006365656102430002,0.48854967257694765,-0.0013869321028370642,-0.002386932102837064
ema20_toque,72,OOS,2544.0,0.0001684251051744081,0.47327044025157233,0.00019641562242602836,0.46487602818559803,-2.799051725162026e-05,-0.0010279905172516203
fib_0.618,4,IS,1548.0,-2.8896754828313738e-05,0.5116279069767442,8.618327913549934e-05,0.49274860619391275,-0.00011508003396381307,-0.0011150800339638132
fib_0.618,4,OOS,552.0,0.0003273036986256386,0.532608695652174,0.0001451929195809184,0.49794514884255753,0.0001821107790447202,-0.0008178892209552798
fib_0.618,8,IS,1548.0,-0.0003426939498906422,0.5,0.00014128081517091986,0.49018025173117363,-0.00048397476506156203,-0.0014839747650615622
fib_0.618,8,OOS,552.0,-0.00032058361860770357,0.5217391304347826,0.0002647833422046966,0.49339772440445384,-0.0005853669608124002,-0.0015853669608124
fib_0.618,24,IS,1548.0,0.00015356930419861982,0.5303617571059431,0.00044762235013532666,0.49020922729936334,-0.00029405304593670687,-0.001294053045936707
fib_0.618,24,OOS,552.0,0.0012845554692750138,0.5380434782608695,0.0005414592308112741,0.49193732723708666,0.0007430962384637397,-0.0002569037615362603
fib_0.618,72,IS,1548.0,0.001092866995525244,0.5303617571059431,0.0018410534822040762,0.4976090291412706,-0.0007481864866788323,-0.0017481864866788323
fib_0.618,72,OOS,552.0,0.0022841420385337785,0.5362318840579711,0.0018069275492713192,0.4933844248227186,0.0004772144892624592,-0.0005227855107375408
fib_0.786,4,IS,843.0,0.00041179074361808214,0.538552787663108,9.042721614282432e-05,0.4928260135788821,0.00032136352747525783,-0.0006786364725247422
fib_0.786,4,OOS,320.0,-1.665857119151938e-05,0.56875,0.00013936538560736846,0.49703269061696675,-0.00015602395679888785,-0.001156023956798888
fib_0.786,8,IS,843.0,-0.0002068568893429588,0.5326215895610913,0.00015155009264911873,0.49034219484064623,-0.0003584069819920775,-0.0013584069819920774
fib_0.786,8,OOS,320.0,-0.00039599280072154345,0.5625,0.0002500869924065032,0.4923779100260416,-0.0006460797931280467,-0.0016460797931280467
fib_0.786,24,IS,843.0,-0.00223316821784516,0.5397390272835113,0.00046757308606714255,0.4907675217485348,-0.002700741303912303,-0.003700741303912303
fib_0.786,24,OOS,320.0,-0.00031360797600931236,0.540625,0.0005237996052258036,0.49096008485243897,-0.000837407581235116,-0.0018374075812351161
fib_0.786,72,IS,843.0,0.002988353340359757,0.5266903914590747,0.0018152910826250651,0.49779170003907836,0.0011730622577346918,0.00017306225773469175
fib_0.786,72,OOS,320.0,-0.0014360881245559485,0.484375,0.0019538926225328547,0.4927763015183794,-0.003389980747088803,-0.004389980747088803
poc_zona,4,IS,1403.0,7.930215564688719e-05,0.5367070563079116,0.00010016461038385443,0.5069809079174112,-2.0862454736967243e-05,-0.0010208624547369673
poc_zona,4,OOS,586.0,0.0007140287818983416,0.5273037542662116,0.00016035457981770646,0.4886971390347683,0.0005536742020806351,-0.00044632579791936493
poc_zona,8,IS,1403.0,0.00028611524379932104,0.5131860299358517,0.00019883974100066585,0.5058736164238056,8.727550279865519e-05,-0.0009127244972013448
poc_zona,8,OOS,586.0,0.0015923056801569972,0.5119453924914675,0.0003241507290651246,0.49407625429911917,0.0012681549510918724,0.0002681549510918724
poc_zona,24,IS,1403.0,5.804086305742156e-05,0.5146115466856735,0.0005716607692492765,0.49905812332530947,-0.0005136199061918549,-0.001513619906191855
poc_zona,24,OOS,583.0,0.0031814721441016987,0.5608919382504288,0.0010730888754279658,0.49969488531538653,0.0021083832686737327,0.0011083832686737327
poc_zona,72,IS,1403.0,0.0026502171503350476,0.4953670705630791,0.0019433272899789418,0.4990250908346692,0.0007068898603561058,-0.0002931101396438942
poc_zona,72,OOS,580.0,0.011217358562298099,0.5879310344827586,0.0028162645725640385,0.4995647635362937,0.00840109398973406,0.00740109398973406
rsi_sobrecompra,4,IS,1171.0,-0.002316082138874398,0.48590947907771137,-0.00010509013184505363,0.49382273510301744,-0.0022109920070293447,-0.0032109920070293447
rsi_sobrecompra,4,OOS,381.0,-0.0007381910250588904,0.5800524934383202,-0.00017191982146412923,0.5058707610159755,-0.0005662712035947612,-0.0015662712035947612
rsi_sobrecompra,8,IS,1171.0,-0.0038147299594520592,0.48761742100768574,-0.0002091299341402317,0.49540912284942973,-0.0036056000253118278,-0.004605600025311828
rsi_sobrecompra,8,OOS,381.0,-0.0018802714146678133,0.5485564304461942,-0.0003472235906655851,0.5009342201432696,-0.0015330478240022283,-0.0025330478240022285
rsi_sobrecompra,24,IS,1171.0,-0.00842936908358668,0.46968403074295473,-0.0006034216153414682,0.5031716409866152,-0.007825947468245211,-0.00882594746824521
rsi_sobrecompra,24,OOS,381.0,-0.004336739379638452,0.5433070866141733,-0.0011421376091407091,0.49542811265044606,-0.003194601770497743,-0.004194601770497743
rsi_sobrecompra,72,IS,1171.0,-0.009840052005871902,0.49701110162254486,-0.002042148630108776,0.5037724538674109,-0.007797903375763126,-0.008797903375763125
rsi_sobrecompra,72,OOS,371.0,-0.007021470260388621,0.5256064690026954,-0.0030215664015688206,0.49678375355070087,-0.003999903858819801,-0.004999903858819801
rsi_sobreventa,4,IS,1202.0,0.00042241171161350665,0.5615640599001663,0.00010722209060064027,0.505739910663608,0.00031518962101286636,-0.0006848103789871337
rsi_sobreventa,4,OOS,422.0,0.0010948726377393546,0.5687203791469194,0.00015790695184506064,0.4888977474211,0.0009369656858942939,-6.303431410570608e-05
rsi_sobreventa,8,IS,1202.0,0.0002997597868115497,0.5282861896838602,0.00021363277498125962,0.5039186326092976,8.612701183029008e-05,-0.0009138729881697099
rsi_sobreventa,8,OOS,422.0,0.001363656208446758,0.556872037914692,0.0003192305636394505,0.4942848448920583,0.0010444256448073077,4.4425644807307655e-05
rsi_sobreventa,24,IS,1202.0,-0.0002643629709600161,0.5291181364392679,0.0006172809732547975,0.49565642839579704,-0.0008816439442148136,-0.0018816439442148137
rsi_sobreventa,24,OOS,422.0,0.00047477937363177227,0.518957345971564,0.0010592590612626797,0.49965188808637706,-0.0005844796876309075,-0.0015844796876309075
rsi_sobreventa,72,IS,1202.0,0.0021932193497986243,0.5099833610648918,0.0020833320020374117,0.4948659083626756,0.00010988734776121254,-0.0008901126522387875
rsi_sobreventa,72,OOS,422.0,-0.001866965853363782,0.590047393364929,0.0028018438885533447,0.4997257923212014,-0.004668809741917126,-0.005668809741917126
vwap_ruptura_alza,4,IS,6321.0,0.0003863432331082637,0.5128935295048251,0.00010374353761276878,0.5062691747234678,0.0002825996954954949,-0.0007174003045045051
vwap_ruptura_alza,4,OOS,2202.0,0.000464324251251389,0.5022706630336058,0.00017368877459192575,0.4904120538729871,0.00029063547665946323,-0.0007093645233405368
vwap_ruptura_alza,8,IS,6321.0,0.0005498410605327189,0.5170068027210885,0.0002064175323965172,0.504739788708292,0.00034342352813620175,-0.0006565764718637983
vwap_ruptura_alza,8,OOS,2197.0,0.0010879428298042177,0.517523896222121,0.00035078745054762934,0.4963724598582874,0.0007371553792565883,-0.0002628446207434117
vwap_ruptura_alza,24,IS,6321.0,1.2724939736357646e-05,0.4901123239993672,0.0005951171767310073,0.4970518070396918,-0.0005823922369946496,-0.0015823922369946498
vwap_ruptura_alza,24,OOS,2179.0,0.0015507730068429408,0.505277650298302,0.0011518097906216003,0.5028248072848298,0.00039896321622134054,-0.0006010367837786595
vwap_ruptura_alza,72,IS,6321.0,0.002304529144847305,0.503717766176238,0.0020162905703950563,0.4965372279455933,0.0002882385744522489,-0.0007117614255477511
vwap_ruptura_alza,72,OOS,2176.0,0.002506973573238182,0.5064338235294118,0.0030460979289873404,0.5023882993195281,-0.0005391243557491582,-0.0015391243557491582
vwap_ruptura_baja,4,IS,6443.0,0.0001297592627702999,0.494024522737855,-0.0001036532169150591,0.4938243541411182,0.000233412479685359,-0.000766587520314641
vwap_ruptura_baja,4,OOS,2239.0,-0.00011350320177696238,0.4935238945958017,-0.00017113347447077047,0.5060165334629882,5.763027269380809e-05,-0.0009423697273061919
vwap_ruptura_baja,8,IS,6443.0,-0.0001785800738695289,0.4954213875523824,-0.00020630462199812836,0.4954202123086253,2.772454812859947e-05,-0.0009722754518714005
vwap_ruptura_baja,8,OOS,2235.0,-0.0007701299953060898,0.4966442953020134,-0.0003457725336606338,0.5011261027209376,-0.00042435746164545596,-0.001424357461645456
vwap_ruptura_baja,24,IS,6443.0,-6.845524059672461e-05,0.49868073878627966,-0.0005947751673338978,0.5032508523597449,0.0005263199267371731,-0.0004736800732628269
vwap_ruptura_baja,24,OOS,2223.0,-0.0011868784439438393,0.49572649572649574,-0.0011374857845180156,0.4958049434386884,-4.9392659425823724e-05,-0.0010493926594258237
vwap_ruptura_baja,72,IS,6443.0,-0.001156201477904792,0.5028713332298619,-0.0020153107441772474,0.5038135673653187,0.0008591092662724553,-0.00014089073372754472
vwap_ruptura_baja,72,OOS,2212.0,-0.002927176720114028,0.48553345388788427,-0.003007823979669835,0.4971545885632719,8.064725955580707e-05,-0.000919352740444193
