asset,grp,period,cagr_strat,cagr_bh,sharpe_strat,sharpe_bh,maxdd_strat,maxdd_bh,exposure,n_trades
AAPL,Accion,IS,0.02466523304044732,0.271915554666212,0.22311229135084976,1.063873380132565,-0.4123165188108666,-0.4379716153596679,0.41812400635930047,32
AAPL,Accion,OOS,0.09641291551774978,0.2538781777543464,0.48748116964651106,0.8763334855859471,-0.27878884161940876,-0.33360525881753067,0.42400482509047044,24
ABBV,Accion,IS,0.04889122049019279,0.1863736037794541,0.33795761765143945,0.7619426773236386,-0.3392324373040101,-0.45089767405348513,0.41657207718501704,23
ABBV,Accion,OOS,0.12385452660093343,0.2173924313754716,0.7440657480811104,0.9070407356120084,-0.24446552100766483,-0.3404234161006534,0.41676718938480095,26
ADA,Cripto,IS,-0.36660109603459556,0.007886628544467422,-0.6566881125537115,0.5777435262266083,-0.8297732775336669,-0.9746221237169262,0.3997445721583653,7
ADA,Cripto,OOS,-0.09815432686100123,0.20851488896659864,0.07798620040648671,0.6304987905806501,-0.9229035994458621,-0.9516787587280237,0.5093322272915802,26
ADBE,Accion,IS,0.24721584979882238,0.24466240999212174,1.1928465347136143,0.9211081511577143,-0.3126324844658839,-0.39814323408813357,0.3672496025437202,56
ADBE,Accion,OOS,-0.07359756040416854,-0.03259021560317443,-0.09153169678840434,0.10690618527498717,-0.6453250101550683,-0.7190319086624575,0.5078407720144753,23
AMAT,Accion,IS,-0.0032802248000465273,0.1802334172698763,0.08696621787418078,0.6986370473631989,-0.46318098070186364,-0.5227416152224802,0.38076311605723373,30
AMAT,Accion,OOS,0.11148415899626607,0.40508185970520283,0.47469652046444977,0.941617603706159,-0.46048306662304483,-0.5513919541664309,0.44752714113389624,27
AMD,Accion,IS,0.05808596833174717,0.1683514249097262,0.33834396450118503,0.5527438860255524,-0.678870534593344,-0.8405511782383531,0.3899046104928458,34
AMD,Accion,OOS,0.07991492260751931,0.43041250610484183,0.3912127689554205,0.9147031932901869,-0.6227149365541671,-0.6544994295506876,0.47828709288299154,25
AMGN,Accion,IS,0.13030356760728523,0.1772076439770558,0.8390922489955958,0.8217984895293008,-0.18107007460341407,-0.24766366888944025,0.38950715421303655,47
AMGN,Accion,OOS,0.0985455849758412,0.11776962380223188,0.5865656074906594,0.551052977636936,-0.20870194151124366,-0.2485995817755532,0.4620024125452352,28
AMZN,Accion,IS,0.1473452596634297,0.3006774124807561,0.7162591073319329,1.0034965425867453,-0.3323530620137586,-0.34103783046300695,0.41017488076311603,41
AMZN,Accion,OOS,0.0509696217080986,0.17997455888627356,0.317483257030033,0.6406326098227699,-0.5363235621310027,-0.561452632532826,0.46562123039806996,27
AVAX,Cripto,OOS,-0.17921170349199844,0.03243364062865184,-0.06005553555807683,0.4951677861275607,-0.9097795651674176,-0.9561012519131469,0.45670391061452514,24
AVGO,Accion,IS,0.23487308029853238,0.3530293126148014,0.9941438125190218,1.0607225665178823,-0.2665225681985617,-0.30424782699251074,0.41375198728139906,50
AVGO,Accion,OOS,0.17083595679612285,0.5210705878575252,0.6360773454887232,1.1705260661789176,-0.44982925054506306,-0.48299962780611116,0.45657418576598313,29
AXP,Accion,IS,0.0853118013555012,0.13471496202218858,0.5851906846126629,0.6705515436186179,-0.3172916276370775,-0.45382658894001404,0.4117647058823529,42
AXP,Accion,OOS,0.13442990630415186,0.18107531425689283,0.5579115893472804,0.6346226794367014,-0.46261882991211534,-0.49638487147334287,0.45235223160434257,25
BA,Accion,IS,0.12277920520463037,0.22192676596229588,0.7352140231623276,0.932446269283586,-0.22419041911451698,-0.2954777473213205,0.417329093799682,47
BA,Accion,OOS,-0.08236432114979464,-0.04792388342913001,-0.026922358997573358,0.13799852992190717,-0.701743363339534,-0.7249236475234284,0.4776839565741858,20
BAC,Accion,IS,0.01780591479155169,0.09602770650169812,0.19433725320884845,0.44531617614105656,-0.5763339540817971,-0.7420051270033339,0.41414944356120825,38
BAC,Accion,OOS,0.06936092438418218,0.11942852037512397,0.3782016436452353,0.5040326341233244,-0.44521742494971683,-0.4894678377231654,0.43003618817852834,28
BLK,Accion,IS,0.08140633368674055,0.10646543099770489,0.5278526800118059,0.527291984446088,-0.34601590686124617,-0.41953060312464585,0.3787758346581876,39
BLK,Accion,OOS,0.05348314566733947,0.15920100771254897,0.3350977189214602,0.633403623764691,-0.3711147407274197,-0.43901704193106583,0.41556091676718937,24
BMY,Accion,IS,0.05048231520144708,0.13196944021640844,0.390644410103304,0.6547416471107134,-0.2953598975494366,-0.3930288482775337,0.40659777424483307,34
BMY,Accion,OOS,-0.04410460943440564,0.04133063629291467,-0.16180815785688718,0.286970102411388,-0.5048995321289048,-0.47667358124941905,0.47225572979493363,18
BNB,Cripto,IS,-0.24948222480415494,0.8615991106865921,-0.347333631218383,1.0840791878579943,-0.7216737783050376,-0.8010241823092696,0.4495530012771392,7
BNB,Cripto,OOS,-0.012336779011448473,0.4821023511836344,0.19339720564176155,0.9090975657255297,-0.6753033097132539,-0.7083799892470086,0.43384487764413104,28
BTC,Cripto,IS,-0.00030423197535156543,0.4324945045198896,0.2033673916934527,0.89372499409833,-0.7466064642824815,-0.8339900882218972,0.358695652173913,22
BTC,Cripto,OOS,0.028381394893740364,0.2584467459798383,0.26996104747181976,0.7155502573801495,-0.6141661388985463,-0.7663456370856907,0.4935711323102447,37
C,Accion,IS,0.04635646113968983,0.09812634332717884,0.314606036079633,0.45771728445950893,-0.4380124715845205,-0.5492836308650629,0.4002384737678855,42
C,Accion,OOS,0.026184242430704607,0.12206290195206204,0.24044129643564094,0.4952399889112105,-0.5130611601510324,-0.5650758119016267,0.46079613992762364,23
CAT,Accion,IS,0.017135825738114674,0.12763392948267427,0.18523483143728411,0.5785392039445857,-0.38042821842363694,-0.446324841572432,0.41255961844197137,35
CAT,Accion,OOS,0.06055033062501192,0.32909228035895666,0.36676444010830805,1.0158810500850646,-0.34261380706406963,-0.38554242202200384,0.41857659831121835,21
COP,Accion,IS,0.016321748186307827,0.08573889201915064,0.18092551229570397,0.4392575576987693,-0.5811077952406318,-0.6072969502934413,0.42170111287758344,33
COP,Accion,OOS,0.04969903708032386,0.13395356338815034,0.3131768624667144,0.5111755034316882,-0.6179643988478973,-0.6565817056255838,0.428226779252111,26
COST,Accion,IS,0.06547913210335987,0.20383153113603836,0.5573839164901534,1.1259101919247816,-0.18529165384235669,-0.22017276553044007,0.3978537360890302,32
COST,Accion,OOS,0.0753722170843909,0.21197692119166645,0.4784711828554029,0.9359344550603981,-0.2718711945646197,-0.3140241648994423,0.49638118214716526,24
CRM,Accion,IS,0.26885962451267575,0.24187044594509,1.0161602991158014,0.803633249357159,-0.319612350804106,-0.38814957396656236,0.4304451510333863,53
CRM,Accion,OOS,-0.057099186849263295,0.028823006202628454,-0.036338451125344756,0.26932117806021966,-0.5903054581564706,-0.58669591449078,0.517490952955368,20
CSCO,Accion,IS,0.055063247827117356,0.09572150116865386,0.39575755654442235,0.490494680567959,-0.24863429894985445,-0.49835268401799226,0.40858505564387915,34
CSCO,Accion,OOS,0.05753378931590425,0.18642871504261205,0.3754915886968089,0.7507679773080073,-0.30587988504210817,-0.36675059663586596,0.42460796139927626,21
CVX,Accion,IS,0.04651951736547555,0.0828119483067482,0.36686861402308696,0.4833856703680651,-0.39352592034247325,-0.4541846435239878,0.45906200317965024,40
CVX,Accion,OOS,0.02625158009571349,0.11623804761294387,0.23326401458497656,0.4982936363186915,-0.5344198112235286,-0.548268708143259,0.4457177322074789,24
DE,Accion,IS,0.08598141753014188,0.14503579055545757,0.5395849951253535,0.6634605952411903,-0.35996457917750024,-0.3711864674914408,0.4073926868044515,37
DE,Accion,OOS,0.08543016541008486,0.23038343105296644,0.45476407115157835,0.799561629825802,-0.3343653261283571,-0.3741552898958964,0.45355850422195415,25
DIS,Accion,IS,0.06754532035503491,0.17903362146617696,0.5208322186064299,0.8883129791931874,-0.3033869728083284,-0.34195605044260036,0.3887122416534181,40
DIS,Accion,OOS,-0.012928940657253252,-0.04314412487564978,0.07275078879039344,0.029849837509333357,-0.44997797503808046,-0.6071517066401722,0.4734620024125452,24
DOGE,Cripto,IS,-0.20035193339437485,0.12281230444102609,-0.41290317231189955,0.5957151490421565,-0.6651759230777855,-0.8920294948795788,0.32950191570881227,8
DOGE,Cripto,OOS,-0.17486105058573298,0.4471422548058477,-0.14957656819224316,0.6870321365721606,-0.8666650003840526,-0.9225850212888337,0.454997926171713,21
EEM,ETF,IS,-0.017389676571819224,0.02619108839964701,-0.029267183554559546,0.228286156708585,-0.31913597275586825,-0.37504847268935926,0.424483306836248,31
EEM,ETF,OOS,0.027133577187766322,0.08197804285858745,0.23895037724216434,0.4630544365336439,-0.31768147339700725,-0.3982232516753067,0.44752714113389624,22
ETH,Cripto,IS,-0.37427675041838304,-0.2530529768952128,-0.7251363018401464,0.04206455102496312,-0.8503239347916043,-0.9396254038538313,0.4329501915708812,6
ETH,Cripto,OOS,0.11663446985468395,0.3249494443449905,0.46823986402490403,0.7606382161166093,-0.7499264690600078,-0.7935123166505245,0.4707590211530485,32
EWZ,ETF,IS,-0.023618223611048483,-0.02025426288017307,-0.001839263831555005,0.08696248052260772,-0.6510043997826864,-0.7486210576898147,0.44157392686804453,36
EWZ,ETF,OOS,-0.07263134975893404,0.019899368625535985,-0.11974286618087347,0.23644448211384766,-0.5451169414321138,-0.5699235630476878,0.4445114595898673,17
GE,Accion,IS,-0.011646679959115058,0.0009233602512339623,0.02410518204362481,0.13538574969122796,-0.6196103944073276,-0.7803633295647242,0.43720190779014306,39
GE,Accion,OOS,0.07286876081768967,0.3400051651467235,0.3836333251527234,0.9607030871571736,-0.509772272881744,-0.5824125320471945,0.4794933655006031,27
GILD,Accion,IS,0.15840853737800686,0.1312743694490659,0.8386798658177496,0.581016002144995,-0.23712524654704636,-0.45739785784546017,0.424483306836248,49
GILD,Accion,OOS,0.05892564506027487,0.15741769984837628,0.43833565194289476,0.6809572310245144,-0.24917290699206107,-0.30468108243700043,0.4505428226779252,23
GOOGL,Accion,IS,0.0928402763641969,0.15648776114550622,0.6572229245578545,0.7184201288678043,-0.1887364029928139,-0.30423604307998564,0.4018282988871224,42
GOOGL,Accion,OOS,0.04814947342223452,0.2898727115432653,0.31350274884359586,0.9439700362708502,-0.4112659773965932,-0.4432005339904719,0.44752714113389624,20
GS,Accion,IS,0.009995099325369461,0.04324983576441177,0.14481388209270746,0.29334308141427257,-0.4288805394533819,-0.5175693410109448,0.39666136724960255,34
GS,Accion,OOS,0.13329886037678373,0.28719360232837343,0.5934238855461127,0.928532713338631,-0.39585321645009264,-0.45621008226082616,0.44209891435464416,28
HD,Accion,IS,0.10038239490227441,0.2549100819845542,0.7306779025284805,1.2463008990014468,-0.2245804225011222,-0.2560863713528245,0.3978537360890302,42
HD,Accion,OOS,0.04947962707724529,0.10331434336452294,0.3278423672252016,0.4934640313368247,-0.3646593683898023,-0.37993698295407674,0.4806996381182147,27
HON,Accion,IS,0.13654527717709097,0.1915978651901542,0.8916935519714564,0.9642247567512059,-0.2769606936046548,-0.3147499817365005,0.3998410174880763,53
HON,Accion,OOS,0.06383737652055821,0.07521011519966203,0.3948729728074114,0.40341989940616113,-0.42365529681622915,-0.43010346524146703,0.4499396863691194,28
IBM,Accion,IS,0.0278630356043319,0.03114691788372337,0.2676371973021932,0.2549834026255961,-0.3341403135557425,-0.40763647363676503,0.4185214626391097,34
IBM,Accion,OOS,0.1362184766212131,0.14435938389378689,0.6924920184256026,0.5896603813512797,-0.32324984017863156,-0.38980097981241735,0.4487334137515078,29
INTC,Accion,IS,0.04719131297821977,0.14618844947194232,0.3630332696723316,0.6789672452790348,-0.2523896950681723,-0.31892193238439237,0.38553259141494434,35
INTC,Accion,OOS,0.02199078357214468,0.10470347870114494,0.2324845500545973,0.4514510897238182,-0.5504557085434278,-0.7079731977861454,0.45235223160434257,25
INTU,Accion,IS,0.16515217513299807,0.24978154937505614,0.9289185445002421,1.0573502177780905,-0.2599592924188191,-0.2876762785225945,0.3942766295707472,50
INTU,Accion,OOS,-0.04695759473072314,0.041068763537057684,0.01631990658046853,0.29905274865493736,-0.6144442115860774,-0.6819406517170052,0.49155609167671893,23
IWM,ETF,IS,0.07718913509405101,0.11575940067754642,0.5818037661449029,0.6663001678885293,-0.2715471369189292,-0.28914771410727913,0.39705882352941174,46
IWM,ETF,OOS,0.060940797939531555,0.1086714645008171,0.3881300972746047,0.5268840705238527,-0.3615319373439526,-0.4107235585567456,0.4294330518697226,27
JNJ,Accion,IS,0.05472699524280977,0.11810371990453428,0.5463625275189027,0.8191297421144942,-0.1670285381725165,-0.1828287519426125,0.39546899841017485,38
JNJ,Accion,OOS,0.08604016110727941,0.12158500704707609,0.6224754914988934,0.6801624788258305,-0.22539721855613215,-0.2736625868308957,0.425211097708082,27
JPM,Accion,IS,0.09761598850784914,0.15285388075773998,0.6006068897876687,0.6932282197303976,-0.3087805543111828,-0.39662644775358047,0.3847376788553259,43
JPM,Accion,OOS,0.08836677331488829,0.18583101934387036,0.45974098871898245,0.7078747802060774,-0.4032361236638774,-0.4362650318382184,0.44209891435464416,28
KO,Accion,IS,0.07395509792372534,0.102152567705309,0.7616031924075246,0.7322368150831922,-0.10483088968024723,-0.1384954778051284,0.42726550079491254,44
KO,Accion,OOS,0.07783068053346609,0.10386552261595439,0.5422868802140685,0.5884819596228454,-0.35693458612323237,-0.3698752025660127,0.41857659831121835,31
LINK,Cripto,IS,-0.06844462118540862,0.9449150566677158,0.13272354166255584,1.1225875632579323,-0.6783243376877115,-0.8792724883867666,0.31417624521072796,7
LINK,Cripto,OOS,-0.007451813212000169,0.17354917817386228,0.2869004241176473,0.6187006328213437,-0.8363025247064937,-0.9019294299917971,0.4562422231439237,29
LLY,Accion,IS,0.12812540424324537,0.1796741690235133,0.9197460490244662,0.9281933010644328,-0.19410123389380274,-0.2423941821127058,0.41375198728139906,47
LLY,Accion,OOS,0.2905585990862076,0.4131390321747348,1.16230972711671,1.1756723333009298,-0.22256003978461092,-0.34475006099527594,0.4131483715319662,32
LMT,Accion,IS,0.12490050372121186,0.21645741647391614,1.0196149137726,1.1974648578036213,-0.2672945334780007,-0.3032567943124269,0.3712241653418124,50
LMT,Accion,OOS,0.030097583093650293,0.09325468883213017,0.2456832000221333,0.468202289263902,-0.3489056657429046,-0.3667428565008478,0.4867310012062726,23
LOW,Accion,IS,0.07486409233053859,0.20065078933227265,0.5093648545447795,0.8686436179939976,-0.27259140852047137,-0.34179521505737476,0.3755961844197138,34
LOW,Accion,OOS,0.037567875019781205,0.12044797958203834,0.2754422889977958,0.5231624282097267,-0.4525225366687168,-0.4862921948222967,0.45536791314837155,25
LTC,Cripto,IS,-0.13107255542068608,0.31522951907446806,-0.03861415440073287,0.7363751538224063,-0.9157057813099302,-0.9345186339939673,0.42908902691511386,21
LTC,Cripto,OOS,-0.021658292556898218,0.010229724155299769,0.17881024292049805,0.37475368021965305,-0.7350627250424221,-0.8942865652880204,0.41932807963500623,32
MCD,Accion,IS,0.054422736510529424,0.15569832127800032,0.5665020077935031,1.005120117817631,-0.13666159899282726,-0.16344480563923636,0.3883147853736089,36
MCD,Accion,OOS,0.024912722108593188,0.07563865731955755,0.22464301136471698,0.4373432875001439,-0.3508681158219743,-0.3655940868407528,0.46260554885404104,25
MELI,Accion,IS,0.09415418108735385,0.27898640628627214,0.4421429709418018,0.7799773691953075,-0.5391336416655772,-0.46151692507675646,0.3914944356120827,32
MELI,Accion,OOS,0.14039551139963624,0.19243234019263844,0.52955522251443,0.6011389076464939,-0.6520590478206917,-0.6912323378248623,0.4873341375150784,30
META,Accion,IS,0.1752056962176225,0.24722988888108643,0.9149109433521698,0.7895005085121808,-0.3318972452557699,-0.536228103507717,0.34846113719353156,35
META,Accion,OOS,0.08142896988015358,0.17627725386204807,0.40286637743242476,0.591904338833563,-0.6677697589166602,-0.7673609262318317,0.5205066344993968,30
MMM,Accion,IS,0.044232054648652985,0.10673280842888788,0.37363272397497976,0.6220932049469968,-0.23655299086614234,-0.3868476836226813,0.4050079491255962,38
MMM,Accion,OOS,0.07795829531456433,0.07005693281338465,0.4654171913682137,0.3755852374334394,-0.35557964639660833,-0.540728149985106,0.41978287092882993,27
MRK,Accion,IS,0.06631257370215149,0.13309440263008665,0.5428236896444649,0.7463200248346454,-0.18301823124011818,-0.22476116690089454,0.40262321144674085,44
MRK,Accion,OOS,0.019860086770660645,0.09509355039720191,0.19933243930790065,0.4892001607610621,-0.4169368334058742,-0.43443406907931015,0.44933655006031364,23
MS,Accion,IS,0.0751382680715793,0.06835899177107785,0.42288965033438003,0.36539252949136064,-0.4754213648313148,-0.6162323148369108,0.40540540540540543,41
MS,Accion,OOS,0.07595612612079017,0.284675030287765,0.40375886985038945,0.8964363196152955,-0.4407962044249454,-0.5132582213216679,0.3902291917973462,24
MSFT,Accion,IS,0.16086054010948292,0.20571067198381243,1.0367462769956861,0.9374740042715521,-0.1661510005481387,-0.26365631835556336,0.35453100158982515,48
MSFT,Accion,OOS,0.06683414972537127,0.2019378254384252,0.37805859297823086,0.7552458371145382,-0.3446127483496373,-0.371484918467873,0.51145958986731,24
MU,Accion,IS,-0.03432385009176531,0.17389601860188253,0.07448015835664165,0.5752257208818787,-0.6940615316367973,-0.7380103625665418,0.4296502384737679,29
MU,Accion,OOS,0.12333588659021966,0.5345274623342735,0.49132217852443766,1.0494670042097325,-0.3906015379911818,-0.5762896481922279,0.44028950542822676,23
NFLX,Accion,IS,0.13072784693532524,0.4552785618857955,0.5245240638545813,0.9793272012012401,-0.7731679588876328,-0.8199043380565592,0.45747217806041335,42
NFLX,Accion,OOS,-0.05714338784081019,0.13430369378287677,-0.01127393621295659,0.5143209050345954,-0.7351133695399987,-0.7594731825161349,0.4191797346200241,19
NKE,Accion,IS,0.09639581419559429,0.2159581234004837,0.642237481463801,0.9430804757022684,-0.2059869353405489,-0.2532803373432453,0.37798092209856915,38
NKE,Accion,OOS,-0.013910528526528187,-0.11333599166618191,0.09526431674980071,-0.15066790714499195,-0.47438052480639437,-0.7510476519675651,0.5253317249698432,25
NOW,Accion,IS,0.3122334977010397,0.3850237749364618,1.1431074793308067,1.0258376640366618,-0.4403980914978166,-0.47616396967614394,0.3935381355932203,41
NOW,Accion,OOS,0.033777695322407375,0.12822131643756518,0.2751350672580699,0.493409500346291,-0.5567395788880884,-0.6454173439572122,0.508443908323281,24
NVDA,Accion,IS,0.21516563926993548,0.3008498630282377,0.8036489418613537,0.8497826112185809,-0.547982290270359,-0.5603844002635894,0.3799682034976153,50
NVDA,Accion,OOS,0.26112682944152454,0.7402510039844872,0.7888760546586415,1.324965953873254,-0.653541060925156,-0.6633509439267359,0.4813027744270205,31
ORCL,Accion,IS,0.09007235760665289,0.09253781916934312,0.5912214610137528,0.49732690351725645,-0.2804672591025834,-0.3174623485619281,0.4447535771065183,41
ORCL,Accion,OOS,0.07156183021058737,0.18509309998579937,0.3669906913998907,0.6111219896813046,-0.5834392565894528,-0.6457813296858513,0.45235223160434257,25
OXY,Accion,IS,0.02236724245959354,-0.029396192531830456,0.21046331226547382,0.018680514117495998,-0.3825168329485569,-0.5321011790455685,0.46621621621621623,42
OXY,Accion,OOS,-0.04104207622099787,0.06361281460832546,0.14334699039317444,0.4106730249139329,-0.7244245161641683,-0.8061083955624255,0.4203860072376357,23
PEP,Accion,IS,0.06388226137694542,0.1162533506113832,0.6904737454212461,0.8459179865936108,-0.1853587174871093,-0.20441313329509814,0.37201907790143085,47
PEP,Accion,OOS,0.011875580709622247,0.03390001421002453,0.15655180849309724,0.26141403997578766,-0.26793737351704705,-0.3032267378285385,0.4577804583835947,23
PFE,Accion,IS,0.05011318306887813,0.11599551709545852,0.4400745991384253,0.6917280396459924,-0.2195327910239162,-0.278802253638317,0.40103338632750396,34
PFE,Accion,OOS,-0.004902346547415393,0.0008519648810181302,0.06854630165544812,0.1363466658539491,-0.39561360792278855,-0.5896199380665774,0.4384800965018094,22
PG,Accion,IS,0.05667494708564025,0.10861897937974452,0.6082364800804828,0.7706250177569022,-0.20220043884662076,-0.2546414079704311,0.40818759936406995,37
PG,Accion,OOS,0.04244413527531288,0.05082351750828362,0.3255795541925565,0.34296610091265267,-0.2288869978912813,-0.23772443865353066,0.5090470446320868,27
PYPL,Accion,IS,0.14872827158506152,0.271973715689398,0.8184071314200386,0.9835321218873267,-0.16740241523223698,-0.24314305604229292,0.36484098939929327,17
PYPL,Accion,OOS,-0.11581733469381905,-0.08665410754743419,-0.2051936171503279,0.017618634315297622,-0.7508061905641598,-0.8730420116279323,0.4517490952955368,20
QCOM,Accion,IS,0.02086937190014848,0.09446592297089329,0.20531270397209234,0.4591511201164707,-0.44460388634339654,-0.4507921969237978,0.4073926868044515,32
QCOM,Accion,OOS,-0.05058873174330458,0.12693629393333516,-0.015082745545310612,0.492041546783051,-0.5167583944902756,-0.44288411125436455,0.4686369119420989,18
QQQ,ETF,IS,0.1179373804298609,0.1769150457260138,0.8718986544749833,1.0311658813635713,-0.21251731504568605,-0.22796654295932584,0.40977742448330684,51
QQQ,ETF,OOS,0.06455836662661896,0.21145082379782987,0.39951504456320464,0.8924615439542124,-0.3079326486323788,-0.35118733933886526,0.46139927623642946,25
SBUX,Accion,IS,0.07305818426916688,0.24536876162779753,0.5188938879608104,1.0477824714031947,-0.2525473796182659,-0.2979982014790097,0.4161367249602544,36
SBUX,Accion,OOS,-0.05307822950257857,0.05116875932335252,-0.06381525196574718,0.3151267805094199,-0.468277022924531,-0.43682904515280296,0.47889022919179736,12
SCHW,Accion,IS,0.06015163789533062,0.105047644709656,0.3780998540334939,0.48805047226989207,-0.34110415514221093,-0.44449465943869615,0.40818759936406995,36
SCHW,Accion,OOS,0.07306348651694416,0.14777506907471216,0.3910173873213191,0.5625033310491968,-0.39929244534417063,-0.4970345853057604,0.43425814234016885,29
SLB,Accion,IS,-0.06908835415484205,-0.026847917615814842,-0.25798957926782995,0.041672050916496374,-0.6535225985794951,-0.6938509782611147,0.42090620031796505,29
SLB,Accion,OOS,0.10980742514299924,0.05964650901539681,0.4731112741113035,0.3592497570716545,-0.6108213719011311,-0.7004412074753241,0.43063932448733416,32
SOL,Cripto,OOS,-0.17226776409692768,0.6068498582817865,0.03970893650785393,0.9691756477558567,-0.9080731792933507,-0.9627249768997591,0.47858070099524014,25
T,Accion,IS,0.05412609859936235,0.10985422503021325,0.5240505700075628,0.707453473928774,-0.1340173990739777,-0.27185556110135256,0.4113672496025437,36
T,Accion,OOS,-0.022547137808292095,0.037742003397860824,-0.01266939469076179,0.2727030829868404,-0.4056432432045298,-0.39429068252436217,0.48492159227985526,20
TMO,Accion,IS,0.11909570280296311,0.21710042663958506,0.7641676587758078,0.9817705876661593,-0.29403955545951077,-0.3359768362688508,0.40222575516693165,48
TMO,Accion,OOS,0.03735311269695929,0.098980724391037,0.2753978922855696,0.4693017552932857,-0.3296249808874079,-0.40954293111356754,0.46562123039806996,23
TSLA,Accion,IS,0.17213724393212004,0.3516802725320636,0.6309354795312208,0.8410578419657352,-0.4065860224524803,-0.5351429092039182,0.46073517126148705,41
TSLA,Accion,OOS,0.10786184880448046,0.45483618347316046,0.4512558998180536,0.9009714523993205,-0.6244049915183589,-0.7363221744219124,0.4390832328106152,22
TXN,Accion,IS,0.09170186639745848,0.20261312664934827,0.5995251491216756,0.8746179772481325,-0.29446263700834996,-0.31572128731912763,0.4165341812400636,45
TXN,Accion,OOS,0.17146976291011162,0.16233435279352704,0.7478882052854968,0.6053514162345031,-0.2388339017525143,-0.33411968899961864,0.4529553679131484,33
UBER,Accion,OOS,-0.04332000423730631,0.15099968904073324,0.06599876312698302,0.5258671301227916,-0.587501797831779,-0.6761633588850023,0.41978287092882993,16
UNH,Accion,IS,0.18729039466170083,0.2695772904431939,1.1028141338462119,1.1601627287679657,-0.19718361031350062,-0.239801668462455,0.40659777424483307,55
UNH,Accion,OOS,0.10022728223985955,0.06863545055440534,0.4980687533258838,0.36972400473374095,-0.5058218494092379,-0.6139086383213774,0.4529553679131484,29
UPS,Accion,IS,0.07152678977139915,0.1051146663535627,0.6158335908117771,0.6219857996427611,-0.19240460854120056,-0.30776946862953636,0.4002384737678855,38
UPS,Accion,OOS,0.05865402857038293,0.02402701384556627,0.3757331136640009,0.23157649012588002,-0.2502720463604232,-0.5791772099604242,0.4776839565741858,27
USB,Accion,IS,0.08636136128892202,0.12517143319084445,0.6256754097419392,0.669680386887667,-0.18685291569972617,-0.2853913142598339,0.4014308426073132,44
USB,Accion,OOS,0.024485220548622788,0.055108907483252034,0.2270044112207681,0.3287312507600556,-0.49438391574267704,-0.5213488839058102,0.44813027744270206,25
VZ,Accion,IS,0.091360384672033,0.1225155548690815,0.7962013738603996,0.7749464395003901,-0.13100874107788707,-0.20106812748643088,0.428060413354531,46
VZ,Accion,OOS,0.08468840086091589,0.019249337292072122,0.5707435183684293,0.19640510124199198,-0.26894570444713994,-0.4120711066250019,0.4873341375150784,38
WFC,Accion,IS,0.06875413415646725,0.09860233596563717,0.48177232160552436,0.5115995496264049,-0.2053719338508505,-0.3217955563211198,0.39864864864864863,44
WFC,Accion,OOS,0.06513934947716349,0.10457637732218039,0.36076256918683136,0.4544255189847908,-0.5282629936377663,-0.5927557065272759,0.4692400482509047,28
WMT,Accion,IS,-0.005664455293609372,0.10897949898390347,0.008351219551406554,0.6862059342850277,-0.34149679371478936,-0.36435193900233853,0.3748012718600954,26
WMT,Accion,OOS,0.13763596294808278,0.18674094283294118,0.8160278006210581,0.8519331611648411,-0.20187547189572663,-0.2573966777647194,0.4505428226779252,31
XLE,ETF,IS,-0.022757781534979316,0.02978491525015592,-0.0573859773642482,0.2441049616197823,-0.5352482529739314,-0.4674573830403508,0.428060413354531,29
XLE,ETF,OOS,0.08533788154112698,0.14956693721760006,0.4410797952246235,0.5828488146011662,-0.5769103399269229,-0.6060456279864922,0.4439083232810615,32
XLF,ETF,IS,0.09095776504045894,0.11858537972647842,0.6694651615315892,0.667914394761172,-0.26277195258953967,-0.3367734523970405,0.40262321144674085,46
XLF,ETF,OOS,0.05303758751683341,0.12029221168706838,0.3503579183702287,0.5857995661760066,-0.4023745582188115,-0.4286253941216126,0.4620024125452352,27
XLI,ETF,IS,0.07802302278940987,0.13450123161445227,0.6266964944418469,0.8179904283002951,-0.23269896872358442,-0.2583834990082774,0.42408585055643877,43
XLI,ETF,OOS,0.07425831279531647,0.1506073299139843,0.4761171665444808,0.7416570484705737,-0.39603105305244746,-0.42334107893145445,0.42882991556091676,29
XLK,ETF,IS,0.11730632274635155,0.1660538676597103,0.8944303382688479,0.9891803568064337,-0.2254067816366372,-0.23784937347767077,0.393879173290938,55
XLK,ETF,OOS,0.07862363473107847,0.24944289722695334,0.4362326417154691,0.9346732763763699,-0.29512634732809595,-0.3355907062526021,0.4583835946924005,24
XLP,ETF,IS,0.06431390310040586,0.11985727524165823,0.7646873356467346,1.0210395820976415,-0.133964514935627,-0.16104353888270595,0.37201907790143085,46
XLP,ETF,OOS,0.03717527535351217,0.07452301533793437,0.33098702138191893,0.520760006576294,-0.2272033107518835,-0.24512263244366173,0.46682750301568154,28
XLV,ETF,IS,0.08054595546265131,0.1442139760776524,0.7162147250492391,0.9821070051419479,-0.1634508443537649,-0.17334385961608956,0.38910969793322736,45
XLV,ETF,OOS,0.054656417478513575,0.09414981001912759,0.4317297203013505,0.5898406588743376,-0.25297066854369354,-0.28404322280713445,0.4264173703256936,27
XLY,ETF,IS,0.09239613414401893,0.17085258997525976,0.7649306433614964,1.0525303249088334,-0.20059346336754835,-0.2137152902108147,0.3883147853736089,47
XLY,ETF,OOS,0.0616846454198996,0.11279981836048392,0.38676601485331724,0.5492199164908631,-0.34302075302804746,-0.3966955895386244,0.46079613992762364,29
XOM,Accion,IS,0.0399200757682614,0.03384356275840994,0.35548120408336675,0.2723430183397414,-0.2462535245493509,-0.31542583976826355,0.45548489666136727,37
XOM,Accion,OOS,0.07777578541213259,0.1779125099738721,0.43392288549728353,0.6670332470848228,-0.5429582920002738,-0.5500493164502244,0.44933655006031364,27
XRP,Cripto,IS,-0.1620476885221358,-0.03788531895381442,-0.25453820333773464,0.4632885827096667,-0.5537620515790707,-0.9456159473662442,0.2962962962962963,7
XRP,Cripto,OOS,0.16068196850865113,0.19029080720755664,0.5333235712101122,0.6093812036628009,-0.6538603827234942,-0.8324902308241238,0.43425964330153466,37
