regla,H,n_raw,n_indep,p_up,base_up,lift,ci_lo,ci_hi,mean_ret,base_ret,edge_ret,lift_IS,lift_OOS,yrs_ok,n_yrs,signif,universo
C01 rsi2<5,3,19268,11278,0.5568363184961873,0.5430094413145261,0.013826877181661201,0.547668080389775,0.5660045566025996,0.00395334172199236,0.0021856427279600783,0.0017676989940322817,0.015578203063342233,0.012123987994138052,0.6470588235294118,17,2.9559310045734524,acciones+ETFs
C01 rsi2<5,5,19268,9934,0.562411918663177,0.5523930265640531,0.010018892099123877,0.5526563184695824,0.5721675188567715,0.005634969936264785,0.003626211831220274,0.0020087581050445115,0.013898917876555172,0.005561059052608175,0.5882352941176471,17,2.0128980405712187,acciones+ETFs
C01 rsi2<5,10,19268,8552,0.566066417212348,0.5690746346928559,-0.0030082174805079465,0.5555621066920092,0.5765707277326867,0.007917975250809553,0.007186599201579938,0.0007313760492296149,-0.01326342909982281,0.012181817277115314,0.47058823529411764,17,0.5613035001563745,acciones+ETFs
C01 rsi2<5,21,19268,6782,0.5930404010616337,0.5894247488840954,0.003615652177538342,0.5813482352039527,0.6047325669193147,0.01669606348987725,0.015210966521968631,0.0014850969679086196,0.01245156271866077,-0.007336225269309993,0.7058823529411765,17,0.6061048358563706,acciones+ETFs
C02 rsi2<5 & px>ema200,3,8655,5510,0.5622504537205082,0.5430094413145261,0.019241012405982083,0.549150853811861,0.5753500536291554,0.0028238159007166787,0.0021856427279600783,0.0006381731727566004,0.024655714275200302,0.011816428907906129,0.5882352941176471,17,2.878895888326371,acciones+ETFs
C02 rsi2<5 & px>ema200,5,8655,5039,0.5709466163921413,0.5523930265640531,0.01855358982808819,0.5572807456210469,0.5846124871632357,0.005160561329792487,0.003626211831220274,0.001534349498572213,0.025285941799337408,0.008969120941623387,0.6470588235294118,17,2.6610112646441055,acciones+ETFs
C02 rsi2<5 & px>ema200,10,8655,4570,0.57417943107221,0.5690746346928559,0.005104796379354126,0.5598431962958579,0.5885156658485622,0.007012758298243239,0.007186599201579938,-0.0001738409033366986,-0.0035347174944460047,0.017928560311443964,0.5882352941176471,17,0.6979099505288602,acciones+ETFs
C02 rsi2<5 & px>ema200,21,8655,3843,0.5914650013010668,0.5894247488840954,0.0020402524169714775,0.5759232470074565,0.6070067555946772,0.014060437302048411,0.015210966521968631,-0.00115052921992022,0.012585507262094953,-0.013473943113492592,0.5882352941176471,17,0.25730008734651943,acciones+ETFs
C03 rsi2<10 & px>ema200,3,18884,11552,0.5550554016620498,0.5430094413145261,0.012045960347523699,0.5459928891881064,0.5641179141359932,0.002806096132820077,0.0021856427279600783,0.0006204534048599988,0.006957309636222542,0.01955664602779772,0.5882352941176471,17,2.6052468726559375,acciones+ETFs
C03 rsi2<10 & px>ema200,5,18884,10083,0.563423584250719,0.5523930265640531,0.011030557686665943,0.553742838052053,0.573104330449385,0.004652668942645466,0.003626211831220274,0.0010264571114251917,0.009832653141389258,0.012622268153864247,0.6470588235294118,17,2.233287870809441,acciones+ETFs
C03 rsi2<10 & px>ema200,10,18884,8386,0.5807297877414739,0.5690746346928559,0.011655153048617972,0.5701686015778649,0.5912909739050829,0.007518794994617886,0.007186599201579938,0.0003321957930379482,0.01657872504304958,0.0033840291474398487,0.5294117647058824,17,2.163024079057118,acciones+ETFs
C03 rsi2<10 & px>ema200,21,18884,6124,0.5893207054212932,0.5894247488840954,-0.00010404346280212806,0.5769991443470924,0.601642266495494,0.01411303318678506,0.015210966521968631,-0.0010979333351835707,-0.003598690873322763,0.004745340030077094,0.47058823529411764,17,0.01655027198778851,acciones+ETFs
C04 rsi14<30,3,9248,4446,0.5773729194781826,0.5430094413145261,0.03436347816365648,0.5628525319170187,0.5918933070393465,0.006598296186206693,0.0021856427279600783,0.004412653458246615,0.041671504781046975,0.02661278117653476,0.8235294117647058,17,4.638472417975036,acciones+ETFs
C04 rsi14<30,5,9248,3433,0.5889892222545878,0.5523930265640531,0.03659619569053474,0.5725303737146666,0.605448070794509,0.007617239765180326,0.003626211831220274,0.003991027933960052,0.05600674812505768,0.014396003974421867,0.7647058823529411,17,4.358053564893643,acciones+ETFs
C04 rsi14<30,10,9248,2611,0.5783224818077365,0.5690746346928559,0.00924784711488058,0.5593803917641156,0.5972645718513574,0.00994998284008797,0.007186599201579938,0.0027633836385080315,0.005596137378082844,0.01598583317453861,0.5882352941176471,17,0.9569049826827368,acciones+ETFs
C04 rsi14<30,21,9248,2116,0.6247637051039697,0.5894247488840954,0.03533895621987437,0.6041332620389448,0.6453941481689947,0.019566578374446773,0.015210966521968631,0.0043556118524781424,0.04126259128704812,0.029910356531727245,0.7647058823529411,17,3.3573856835085856,acciones+ETFs
C05 rsi14<30 & px>ema200,3,804,503,0.6083499005964215,0.5430094413145261,0.06534045928189536,0.5656921530115364,0.6510076481813065,0.006386920273840888,0.0021856427279600783,0.00420127754588081,0.09764234756490153,0.021565825018108775,0.75,16,3.0022049321210114,acciones+ETFs
C05 rsi14<30 & px>ema200,5,804,446,0.6300448430493274,0.5523930265640531,0.0776518164852743,0.5852375285659727,0.6748521575326821,0.009736096110494034,0.003626211831220274,0.00610988427927376,0.10973118824190287,0.03338635663740874,0.75,16,3.3967123909574344,acciones+ETFs
C05 rsi14<30 & px>ema200,10,804,405,0.6098765432098765,0.5690746346928559,0.04080190851702059,0.5623703143473021,0.6573827720724509,0.011918213184368566,0.007186599201579938,0.004731613982788628,0.059552146011044194,0.014665022311521891,0.875,16,1.6833948433310053,acciones+ETFs
C05 rsi14<30 & px>ema200,21,804,388,0.6494845360824743,0.5894247488840954,0.0600597871983789,0.6020080893682851,0.6969609827966634,0.018720045500316647,0.015210966521968631,0.003509078978348016,0.10511186990772259,-0.002231988137522345,0.75,16,2.4794859568469128,acciones+ETFs
C06 z20<-2,3,17157,9631,0.5519676046101132,0.5430094413145261,0.008958163295587074,0.5420357150144788,0.5618994942057476,0.0035077650462594233,0.0021856427279600783,0.001322122318299345,0.018841499226128766,-0.004018746203429124,0.5294117647058824,17,1.7678408413911921,acciones+ETFs
C06 z20<-2,5,17157,7776,0.5691872427983539,0.5523930265640531,0.016794216234300774,0.5581807285079677,0.58019375708874,0.005793892322165859,0.003626211831220274,0.0021676804909455854,0.032314578303169084,-0.004106047790479628,0.7647058823529411,17,2.990652894348334,acciones+ETFs
C06 z20<-2,10,17157,6532,0.5770055113288426,0.5690746346928559,0.007930876635986683,0.5650245871859859,0.5889864354716993,0.0098416036358136,0.007186599201579938,0.002655004434233663,0.004907168754086366,0.012972419295250393,0.5882352941176471,17,1.2974389972915361,acciones+ETFs
C06 z20<-2,21,17157,5543,0.609056467616814,0.5894247488840954,0.019631718732718628,0.596210422939821,0.621902512293807,0.019852323766205278,0.015210966521968631,0.004641357244236647,0.02488807757662459,0.013111040873366342,0.7647058823529411,17,2.9953320016893676,acciones+ETFs
C07 z20<-2 & px>ema200,3,7242,4396,0.565059144676979,0.5430094413145261,0.022049703362452933,0.5504040278306038,0.5797142615233543,0.0037088656792572394,0.0021856427279600783,0.0015232229512971611,0.029305754557894192,0.010204316465310503,0.5882352941176471,17,2.948964449989837,acciones+ETFs
C07 z20<-2 & px>ema200,5,7242,3687,0.5779766748033631,0.5523930265640531,0.02558364823931003,0.562034671817648,0.5939186777890783,0.006680327523360088,0.003626211831220274,0.003054115692139814,0.03165086148900975,0.015230363539624814,0.5882352941176471,17,3.1453983915308004,acciones+ETFs
C07 z20<-2 & px>ema200,10,7242,3248,0.5858990147783252,0.5690746346928559,0.01682438008546927,0.568959047121085,0.6028389824355653,0.009802507965588446,0.007186599201579938,0.0026159087640085085,0.01549127842076492,0.017802746862420005,0.5882352941176471,17,1.946626205831391,acciones+ETFs
C07 z20<-2 & px>ema200,21,7242,2941,0.6082964977898674,0.5894247488840954,0.018871748905772034,0.5906546145100247,0.6259383810697101,0.01802624408423283,0.015210966521968631,0.0028152775622641985,0.028254356203604947,0.002338606423854306,0.7058823529411765,17,2.096637148573338,acciones+ETFs
C08 pctB<0 & px>ema200,3,7242,4396,0.565059144676979,0.5430094413145261,0.022049703362452933,0.5504040278306038,0.5797142615233543,0.0037088656792572394,0.0021856427279600783,0.0015232229512971611,0.029305754557894192,0.010204316465310503,0.5882352941176471,17,2.948964449989837,acciones+ETFs
C08 pctB<0 & px>ema200,5,7242,3687,0.5779766748033631,0.5523930265640531,0.02558364823931003,0.562034671817648,0.5939186777890783,0.006680327523360088,0.003626211831220274,0.003054115692139814,0.03165086148900975,0.015230363539624814,0.5882352941176471,17,3.1453983915308004,acciones+ETFs
C08 pctB<0 & px>ema200,10,7242,3248,0.5858990147783252,0.5690746346928559,0.01682438008546927,0.568959047121085,0.6028389824355653,0.009802507965588446,0.007186599201579938,0.0026159087640085085,0.01549127842076492,0.017802746862420005,0.5882352941176471,17,1.946626205831391,acciones+ETFs
C08 pctB<0 & px>ema200,21,7242,2941,0.6082964977898674,0.5894247488840954,0.018871748905772034,0.5906546145100247,0.6259383810697101,0.01802624408423283,0.015210966521968631,0.0028152775622641985,0.028254356203604947,0.002338606423854306,0.7058823529411765,17,2.096637148573338,acciones+ETFs
C09 3 bajas seguidas & px>ema200,3,18627,11787,0.5546788835157377,0.5430094413145261,0.011669442201211577,0.5457064160848369,0.5636513509466384,0.002799584973215163,0.0021856427279600783,0.0006139422452550846,0.013100753423410105,0.00971642279040541,0.7058823529411765,17,2.5491434647735947,acciones+ETFs
C09 3 bajas seguidas & px>ema200,5,18627,10832,0.5679468242245199,0.5523930265640531,0.015553797660466828,0.5586180585514455,0.5772755898975943,0.004755957509650867,0.003626211831220274,0.0011297456784305935,0.015375886009888373,0.015966904224396172,0.7647058823529411,17,3.267896791802259,acciones+ETFs
C09 3 bajas seguidas & px>ema200,10,18627,8876,0.573231185218567,0.5690746346928559,0.004156550525711067,0.5629413441364821,0.5835210263006518,0.007002393010246143,0.007186599201579938,-0.00018420619133379442,-0.0015268722327198558,0.012599840210659297,0.5294117647058824,17,0.7917361371671517,acciones+ETFs
C09 3 bajas seguidas & px>ema200,21,18627,6403,0.5866000312353584,0.5894247488840954,-0.0028247176487369297,0.5745379963255255,0.5986620661451914,0.013890734810645388,0.015210966521968631,-0.0013202317113232432,-0.007120402961980465,0.0037022297089635003,0.6470588235294118,17,0.45899772574949954,acciones+ETFs
C10 4+ bajas seguidas,3,15486,9302,0.5693399268974414,0.5430094413145261,0.026330485582915286,0.5592770761958461,0.5794027775990367,0.005597708557659628,0.0021856427279600783,0.00341206582969955,0.029781583219634422,0.022773390873658705,0.8823529411764706,17,5.128541928415227,acciones+ETFs
C10 4+ bajas seguidas,5,15486,8642,0.5657255264984957,0.5523930265640531,0.013332499934442632,0.5552751008620304,0.5761759521349611,0.007099876846481229,0.003626211831220274,0.0034736650152609547,0.016431651102824185,0.010566953703608162,0.7058823529411765,17,2.5005392871582712,acciones+ETFs
C10 4+ bajas seguidas,10,15486,7653,0.5703645629165033,0.5690746346928559,0.0012899282236473741,0.5592736695491684,0.5814554562838382,0.008934376865627631,0.007186599201579938,0.0017477776640476934,-0.007608957435630281,0.01468492208900618,0.4117647058823529,17,0.2279581305681949,acciones+ETFs
C10 4+ bajas seguidas,21,15486,6115,0.5908421913327883,0.5894247488840954,0.0014174424486929071,0.5785185510602242,0.6031658316053523,0.018070545520300588,0.015210966521968631,0.002859578998331957,-0.004253713382953106,0.011337343183082216,0.7647058823529411,17,0.2254355967873495,acciones+ETFs
C11 IBS<0.2 & px>ema200,3,42077,30942,0.555329325835434,0.5430094413145261,0.012319884520907931,0.5497923015409489,0.5608663501299191,0.0028147892634586514,0.0021856427279600783,0.0006291465354985731,0.007556437850535724,0.01937439808931707,0.8235294117647058,17,4.3610019347449525,acciones+ETFs
C11 IBS<0.2 & px>ema200,5,42077,24579,0.5623092884169413,0.5523930265640531,0.009916261852888186,0.5561070956461722,0.5685114811877103,0.004458275597476244,0.003626211831220274,0.0008320637662559702,0.004998840858258746,0.01723797921321757,0.7058823529411765,17,3.1337099554954415,acciones+ETFs
C11 IBS<0.2 & px>ema200,10,42077,16350,0.5744954128440367,0.5690746346928559,0.005420778151180805,0.5669167497923256,0.5820740758957478,0.007490984791076518,0.007186599201579938,0.0003043855894965799,0.006651902819211686,0.0035710655003039493,0.4117647058823529,17,1.4019260526321509,acciones+ETFs
C11 IBS<0.2 & px>ema200,21,42077,9634,0.5920697529582728,0.5894247488840954,0.0026450040741774483,0.5822560673226431,0.6018834385939025,0.014502302472042965,0.015210966521968631,-0.0007086640499256655,0.00438250771657156,0.000264317777491363,0.47058823529411764,17,0.5282630988877374,acciones+ETFs
C12 IBS<0.15 & rsi2<20 & px>ema200,3,12779,10620,0.5591337099811676,0.5430094413145261,0.016124268666641517,0.5496908163518368,0.5685766036104984,0.003012713379854054,0.0021856427279600783,0.0008270706518939755,0.015007721804829122,0.01769872044894194,0.7647058823529411,17,3.3468095508830658,acciones+ETFs
C12 IBS<0.15 & rsi2<20 & px>ema200,5,12779,9638,0.5707615687902055,0.5523930265640531,0.018368542226152362,0.5608796957170691,0.5806434418633418,0.005640199028976883,0.003626211831220274,0.002013987197756609,0.013614035663345292,0.025378060992622187,0.7647058823529411,17,3.6432711184208504,acciones+ETFs
C12 IBS<0.15 & rsi2<20 & px>ema200,10,12779,8036,0.5791438526630164,0.5690746346928559,0.010069217970160471,0.5683495107491644,0.5899381945768684,0.007936748724585505,0.007186599201579938,0.0007501495230055671,0.015283378212864629,0.0022193618655198533,0.5294117647058824,17,1.8283344532739338,acciones+ETFs
C12 IBS<0.15 & rsi2<20 & px>ema200,21,12779,5919,0.5941882074674776,0.5894247488840954,0.00476345858338223,0.5816782380760749,0.6066981768588803,0.014760536174402365,0.015210966521968631,-0.0004504303475662656,0.010420587999229292,-0.0036599057576596206,0.5294117647058824,17,0.7463150813019116,acciones+ETFs
C13 mr_score>0.9,3,25141,11200,0.5636607142857143,0.5430094413145261,0.020651272971188184,0.5544759481746135,0.572845480396815,0.004082211161647251,0.0021856427279600783,0.0018965684336871725,0.030830065973835086,0.007961635978280035,0.9411764705882353,17,4.406916249572073,acciones+ETFs
C13 mr_score>0.9,5,25141,8038,0.5747698432445882,0.5523930265640531,0.02237681668053515,0.5639619490227382,0.5855777374664383,0.005905537564007742,0.003626211831220274,0.0022793257327874683,0.03701458023117721,0.003941205326379094,0.8235294117647058,17,4.058011652740024,acciones+ETFs
C13 mr_score>0.9,10,25141,5364,0.5937733035048471,0.5690746346928559,0.02469866881199123,0.5806299481186088,0.6069166588910855,0.010946269474346319,0.007186599201579938,0.003759670272766381,0.04090317944162991,0.004227254521063428,0.8235294117647058,17,3.683183589647853,acciones+ETFs
C13 mr_score>0.9,21,25141,3737,0.62001605565962,0.5894247488840954,0.030591306775524685,0.6044535825627201,0.63557852875652,0.02078696684777909,0.015210966521968631,0.00557600032581046,0.04063961035540253,0.01739518014362207,0.8235294117647058,17,3.852791320935493,acciones+ETFs
C14 mr_score>0.9 & px>ema200,3,7081,3488,0.5625,0.5430094413145261,0.01949055868547389,0.5460366532526386,0.5789633467473614,0.0027112632484344156,0.0021856427279600783,0.0005256205204743373,0.02002449557915209,0.01616937866051371,0.5882352941176471,17,2.320396673273711,acciones+ETFs
C14 mr_score>0.9 & px>ema200,5,7081,2637,0.571482745544179,0.5523930265640531,0.019089718980125903,0.5525947129042161,0.5903707781841419,0.004774639249099783,0.003626211831220274,0.0011484274178795092,0.023447054741992157,0.007953245895320094,0.5882352941176471,17,1.9809288724905734,acciones+ETFs
C14 mr_score>0.9 & px>ema200,10,7081,1881,0.594896331738437,0.5690746346928559,0.025821697045581127,0.57271102657187,0.6170816369050041,0.010199527131681561,0.007186599201579938,0.0030129279301016236,0.03753616180333175,1.2201448628124112e-06,0.5882352941176471,17,2.2812634682892954,acciones+ETFs
C14 mr_score>0.9 & px>ema200,21,7081,1430,0.620979020979021,0.5894247488840954,0.03155427209492567,0.5958336445571726,0.6461243974008695,0.019453704139379448,0.015210966521968631,0.004242737617410817,0.033664358871247635,0.02054233898463087,0.5882352941176471,17,2.4595524946016236,acciones+ETFs
C15 mr_score>0.9 & SPY>ema200,3,16106,7478,0.5501470981545867,0.5430094413145261,0.007137656840060624,0.5388715408267732,0.5614226554824002,0.0027456877967063933,0.0021856427279600783,0.000560045068746315,0.01812739291746779,-0.009568779665992566,0.6470588235294118,17,1.2407198154196832,acciones+ETFs
C15 mr_score>0.9 & SPY>ema200,5,16106,5443,0.5664155796435789,0.5523930265640531,0.014022553079525824,0.5532499591022366,0.5795812001849212,0.004282829142082475,0.003626211831220274,0.0006566173108622014,0.026538385943160603,-0.004904968605477622,0.6470588235294118,17,2.0875737645305406,acciones+ETFs
C15 mr_score>0.9 & SPY>ema200,10,16106,3738,0.5914927768860353,0.5690746346928559,0.02241814219317939,0.575734416962652,0.6072511368094186,0.00885814732198269,0.007186599201579938,0.001671548120402753,0.038031891322823586,-0.0010910407127302513,0.7058823529411765,17,2.7883332346934986,acciones+ETFs
C15 mr_score>0.9 & SPY>ema200,21,16106,2702,0.6065877128053294,0.5894247488840954,0.017162963921234065,0.5881679444876838,0.625007481122975,0.015047338487415303,0.015210966521968631,-0.00016362803455332794,0.025964363954814385,0.0027673971839545786,0.7647058823529411,17,1.8262666883487984,acciones+ETFs
C16 dd252<-15% & ema200 subiendo,3,21149,8030,0.5541718555417185,0.5430094413145261,0.011162414227192441,0.5432999850020924,0.5650437260813447,0.004322946499090715,0.0021856427279600783,0.002137303771130637,0.010823679807431374,0.015269608550953606,0.75,16,2.012379728543901,acciones+ETFs
C16 dd252<-15% & ema200 subiendo,5,21149,5269,0.5651926361738471,0.5523930265640531,0.012799609609793983,0.5518070108416605,0.5785782615060336,0.007253306158064881,0.003626211831220274,0.003627094326844607,0.012115569207041377,0.018346341586539694,0.8125,16,1.8741922183398083,acciones+ETFs
C16 dd252<-15% & ema200 subiendo,10,21149,3120,0.5935897435897436,0.5690746346928559,0.024515108896887683,0.5763550209649803,0.6108244662145069,0.013393657286514595,0.007186599201579938,0.006207058084934657,0.02453304746253393,0.031476099297950144,0.8125,16,2.7879539743135133,acciones+ETFs
C16 dd252<-15% & ema200 subiendo,21,21149,1913,0.6053319393622583,0.5894247488840954,0.015907190478162914,0.5834285475576029,0.6272353311669137,0.027894838496315653,0.015210966521968631,0.012683871974347023,0.012235037591984632,0.02895893813847017,0.6875,16,1.4234367724989814,acciones+ETFs
C17 gap<-1 ATR & px>ema200,3,2477,2416,0.5091059602649006,0.5430094413145261,-0.033903481049625483,0.4891714497275067,0.5290404708022945,-0.0009488882676246432,0.0021856427279600783,-0.0031345309955847214,-0.0506784896734615,-0.012227729588694669,0.7058823529411765,17,3.3334564564610205,acciones+ETFs
C17 gap<-1 ATR & px>ema200,5,2477,2350,0.5225531914893617,0.5523930265640531,-0.029839835074691345,0.5023579109809488,0.5427484719977747,0.00018395899919658614,0.003626211831220274,-0.0034422528320236876,-0.04063891894113725,-0.014765429168224431,0.6470588235294118,17,2.8960269564976406,acciones+ETFs
C17 gap<-1 ATR & px>ema200,10,2477,2203,0.5633227417158421,0.5690746346928559,-0.005751892977013839,0.5426114229739535,0.5840340604577307,0.0031882566089898178,0.007186599201579938,-0.0039983425925901196,-0.009997625116919151,0.0018150798531703094,0.5882352941176471,17,0.5443260458420789,acciones+ETFs
C17 gap<-1 ATR & px>ema200,21,2477,2008,0.5816733067729084,0.5894247488840954,-0.007751442111186946,0.5600972749961304,0.6032493385496864,0.009917779932094296,0.015210966521968631,-0.005293186589874335,-0.025742018870309247,0.01859713218603687,0.5294117647058824,17,0.7041529552379632,acciones+ETFs
C18 rsi2<5 & vol alta,3,7404,4374,0.5612711476909008,0.5430094413145261,0.018261706376374698,0.5465649249710558,0.5759773704107458,0.005109482721477499,0.0021856427279600783,0.0029238399935174204,0.01781645982148794,0.020988416781602348,0.6470588235294118,17,2.4338638941863877,acciones+ETFs
C18 rsi2<5 & vol alta,5,7404,3874,0.5730511099638617,0.5523930265640531,0.02065808339980857,0.557474932498797,0.5886272874289263,0.007359793572050258,0.003626211831220274,0.003733581740829984,0.029848353306803133,0.013613517985386459,0.8235294117647058,17,2.599472402933141,acciones+ETFs
C18 rsi2<5 & vol alta,10,7404,3398,0.5900529723366686,0.5690746346928559,0.02097833764381274,0.5735160854333388,0.6065898592399985,0.00993263908619575,0.007186599201579938,0.0027460398846158125,0.03779809227687447,0.006492826961002951,0.7058823529411765,17,2.486413677630799,acciones+ETFs
C18 rsi2<5 & vol alta,21,7404,2827,0.5960382030420941,0.5894247488840954,0.006613454157998744,0.5779497942991465,0.6141266117850417,0.016216630202372358,0.015210966521968631,0.0010056636804037268,0.032706361694155306,-0.018132232249153946,0.8235294117647058,17,0.716611965921623,acciones+ETFs
C19 rsi2<5 & vol baja,3,4441,2813,0.545680767863491,0.5430094413145261,0.0026713265489648474,0.5272806294516525,0.5640809062753294,0.0024063365949567226,0.0021856427279600783,0.0002206938669966443,0.012103791739393133,-0.008087023385783154,0.5882352941176471,17,0.2845522092704732,acciones+ETFs
C19 rsi2<5 & vol baja,5,4441,2582,0.5480247869868319,0.5523930265640531,-0.004368239577221211,0.5288276986905803,0.5672218752830834,0.0038602647459393454,0.003626211831220274,0.00023405291471907154,0.0019645074089237324,-0.011018263036028153,0.47058823529411764,17,0.44599209209374396,acciones+ETFs
C19 rsi2<5 & vol baja,10,4441,2344,0.5332764505119454,0.5690746346928559,-0.03579818418091052,0.5130796150301379,0.5534732859937529,0.00412361658415097,0.007186599201579938,-0.003062982617428968,-0.04162205680351483,-0.0264744808603522,0.7058823529411765,17,3.4740314173369407,acciones+ETFs
C19 rsi2<5 & vol baja,21,4441,2054,0.5900681596884129,0.5894247488840954,0.0006434108043175124,0.568798390940648,0.6113379284361777,0.0129263602110741,0.015210966521968631,-0.0022846063108945304,0.012612037621669736,-0.01355029687306275,0.47058823529411764,17,0.05929002761700672,acciones+ETFs
C20 rsi2<10 & px>ema200 & SPY>ema200,3,17144,10571,0.5553873805694826,0.5430094413145261,0.01237793925495645,0.5459143937884827,0.5648603673504824,0.003034119821656212,0.0021856427279600783,0.0008484770936961336,0.008408891433478782,0.018122623000168536,0.6470588235294118,17,2.5610466371994667,acciones+ETFs
C20 rsi2<10 & px>ema200 & SPY>ema200,5,17144,9261,0.5652737285390347,0.5523930265640531,0.01288070197498159,0.5551773767739052,0.5753700803041641,0.00497622169165822,0.003626211831220274,0.0013500098604379458,0.011245947610389884,0.014841391120988034,0.5882352941176471,17,2.5005245912844156,acciones+ETFs
C20 rsi2<10 & px>ema200 & SPY>ema200,10,17144,7725,0.5803236245954693,0.5690746346928559,0.01124898990261336,0.5693183923014283,0.5913288568895102,0.007183333988983595,0.007186599201579938,-3.2652125963429993e-06,0.015252201939059962,0.003746986029366628,0.6470588235294118,17,2.003412524155497,acciones+ETFs
C20 rsi2<10 & px>ema200 & SPY>ema200,21,17144,5674,0.5890024673951357,0.5894247488840954,-0.00042228148895961937,0.5762001211121704,0.601804813678101,0.013845143564961573,0.015210966521968631,-0.0013658229570070578,-0.0031610956256008516,0.0026143148256457804,0.5294117647058824,17,0.06465000243448707,acciones+ETFs
C21 rsi2<10 & px>ema200 & SPY castigado,3,6667,4278,0.5705937353903693,0.5430094413145261,0.027584294075843174,0.5557605860624899,0.5854268847182487,0.003666319472169996,0.0021856427279600783,0.0014806767442099179,0.024174882760556127,0.03205882562675155,0.5625,16,3.644891263046569,acciones+ETFs
C21 rsi2<10 & px>ema200 & SPY castigado,5,6667,3833,0.5854422123662927,0.5523930265640531,0.03304918580223959,0.5698459254031318,0.6010384993294535,0.006423547976870352,0.003626211831220274,0.002797336145650078,0.03288059107176455,0.03139340150207315,0.625,16,4.153322154522721,acciones+ETFs
C21 rsi2<10 & px>ema200 & SPY castigado,10,6667,3279,0.6120768526989936,0.5690746346928559,0.04300221800613768,0.5953981914425285,0.6287555139554587,0.010471978085275408,0.007186599201579938,0.0032853788836954704,0.04007996967612282,0.04512073492721114,0.75,16,5.053424012635234,acciones+ETFs
C21 rsi2<10 & px>ema200 & SPY castigado,21,6667,2577,0.6041909196740396,0.5894247488840954,0.014766170789944244,0.5853097525786068,0.6230720867694723,0.016378961785188384,0.015210966521968631,0.001167995263219753,0.03550040822577638,-0.0279756952313438,0.5625,16,1.532833992835726,acciones+ETFs
C22 IBS<0.2 & rsi14<40 & px>ema200,3,4648,3631,0.5678876342605342,0.5430094413145261,0.024878192946008126,0.5517747792097459,0.5840004893113225,0.004337308145522964,0.0021856427279600783,0.002151665417562886,0.027904032587876215,0.019975979009804745,0.6470588235294118,17,3.026233278986162,acciones+ETFs
C22 IBS<0.2 & rsi14<40 & px>ema200,5,4648,3159,0.5948084836973726,0.5523930265640531,0.04241545713331951,0.577688631639703,0.6119283357550422,0.008251749828175404,0.003626211831220274,0.00462553799695513,0.049562589717140004,0.031472020004083,0.7647058823529411,17,4.856017195783086,acciones+ETFs
C22 IBS<0.2 & rsi14<40 & px>ema200,10,4648,2631,0.6066134549600912,0.5690746346928559,0.03753882026723532,0.5879470184435741,0.6252798914766083,0.012752229871509433,0.007186599201579938,0.005565630669929495,0.04637196899727292,0.02415032520999838,0.7647058823529411,17,3.941624726212569,acciones+ETFs
C22 IBS<0.2 & rsi14<40 & px>ema200,21,4648,2234,0.6199641897940913,0.5894247488840954,0.03053944090999594,0.5998357529165607,0.6400926266716219,0.019901288291388465,0.015210966521968631,0.004690321769419834,0.04239320706488392,0.012617809807849878,0.7058823529411765,17,2.973768134494874,acciones+ETFs
V01 rsi2>95,3,30072,16664,0.5313850216034566,0.5430094413145261,-0.011624419711069534,0.5238083375062177,0.5389617057006955,0.0011145610830998235,0.0021856427279600783,-0.0010710816448602548,-0.015415357810764863,-0.00612871897106837,0.5882352941176471,17,3.007102096548987,acciones+ETFs
V01 rsi2>95,5,30072,14160,0.541454802259887,0.5523930265640531,-0.010938224304166133,0.5332475718800976,0.5496620326396763,0.0021924942170054498,0.003626211831220274,-0.0014337176142148241,-0.015455712128756627,-0.004398116319263123,0.6470588235294118,17,2.612199078627044,acciones+ETFs
V01 rsi2>95,10,30072,11495,0.5638973466724663,0.5690746346928559,-0.0051772880203896365,0.554831758763638,0.5729629345812945,0.005107676709964167,0.007186599201579938,-0.002078922491615771,-0.005309219701547518,-0.005406044346371153,0.47058823529411764,17,1.1193410313832919,acciones+ETFs
V01 rsi2>95,21,30072,8312,0.5813282001924928,0.5894247488840954,-0.00809654869160259,0.5707222189594472,0.5919341814255383,0.013043260046463594,0.015210966521968631,-0.0021677064755050365,-0.01338342899370859,-0.0006502354492072815,0.5882352941176471,17,1.496253395781675,acciones+ETFs
V02 rsi2>95 & px<ema200,3,3407,2128,0.5211466165413534,0.5430094413145261,-0.021862824773172695,0.49992143072370093,0.542371802359006,0.0004431606221953472,0.0021856427279600783,-0.001742482105764731,-0.03227673014266974,-0.009246093363176944,0.5882352941176471,17,2.0188815741617767,acciones+ETFs
V02 rsi2>95 & px<ema200,5,3407,1928,0.5072614107883817,0.5523930265640531,-0.045131615775671374,0.4849448761620235,0.52957794541474,-0.00021396053975905605,0.003626211831220274,-0.00384017237097933,-0.0530200993473976,-0.03389842863076464,0.7058823529411765,17,3.9637859731070186,acciones+ETFs
V02 rsi2>95 & px<ema200,10,3407,1747,0.5300515168860904,0.5690746346928559,-0.039023117806765484,0.5066473176903632,0.5534557160818177,0.003227925984962641,0.007186599201579938,-0.003958673216617296,-0.048564394018141055,-0.024591989979685258,0.6470588235294118,17,3.268016575214583,acciones+ETFs
V02 rsi2>95 & px<ema200,21,3407,1453,0.5664143152099105,0.5894247488840954,-0.02301043367418487,0.5409326478410711,0.5918959825787499,0.014776347815230823,0.015210966521968631,-0.00043461870673780836,-0.031893165605565654,-0.006441421882188436,0.5882352941176471,17,1.7699175390914217,acciones+ETFs
V03 rsi14>70,3,28214,12238,0.5291714332407256,0.5430094413145261,-0.013838008073800534,0.5203278056677271,0.5380150608137241,0.0015457689257878848,0.0021856427279600783,-0.0006398738021721935,-0.01727761933229266,-0.00889756114750917,0.8235294117647058,17,3.0668971076371228,acciones+ETFs
V03 rsi14>70,5,28214,8735,0.5483686319404694,0.5523930265640531,-0.004024394623583727,0.5379321778295445,0.5588050860513942,0.0027667733324122415,0.003626211831220274,-0.0008594384988080323,-0.009641492057929746,0.004204495954846732,0.6470588235294118,17,0.7557943893958328,acciones+ETFs
V03 rsi14>70,10,28214,5851,0.5621261322850795,0.5690746346928559,-0.006948502407776447,0.5494135896156237,0.5748386749545352,0.006371088985073872,0.007186599201579938,-0.0008155102165060659,-0.015508064619279116,0.005681691955372936,0.5882352941176471,17,1.0713092630921206,acciones+ETFs
V03 rsi14>70,21,28214,4064,0.5829232283464567,0.5894247488840954,-0.006501520537638639,0.5677634481632026,0.5980830085297109,0.012807663120223045,0.015210966521968631,-0.0024033034017455854,-0.020263009915491903,0.014018282249672165,0.5882352941176471,17,0.8405781680032509,acciones+ETFs
V04 z20>2,3,22982,12591,0.530140576602335,0.5430094413145261,-0.012868864712191064,0.5214228056738824,0.5388583475307877,0.0012674657009496039,0.0021856427279600783,-0.0009181770270104744,-0.020098848853378426,-0.0021897975046411,0.6470588235294118,17,2.8932825882787467,acciones+ETFs
V04 z20>2,5,22982,10205,0.5423811856932876,0.5523930265640531,-0.010011840870765454,0.532715029452361,0.5520473419342142,0.0025415490881945603,0.003626211831220274,-0.0010846627430257136,-0.017737379875207626,0.0014207841269353594,0.5294117647058824,17,2.0300942399022595,acciones+ETFs
V04 z20>2,10,22982,8351,0.5570590348461262,0.5690746346928559,-0.01201559984672973,0.546405091954232,0.5677129777380203,0.0055712698336056205,0.007186599201579938,-0.0016153293679743172,-0.013410610946240742,-0.010221349523122147,0.7647058823529411,17,2.2105032792608843,acciones+ETFs
V04 z20>2,21,22982,6786,0.5826702033598585,0.5894247488840954,-0.006754545524236821,0.5709374417832727,0.5944029649364444,0.014434964530544431,0.015210966521968631,-0.0007760019914241998,-0.012062929139468603,0.0009599642733689739,0.7058823529411765,17,1.1283711120427056,acciones+ETFs
V05 pctB>1,3,22982,12591,0.530140576602335,0.5430094413145261,-0.012868864712191064,0.5214228056738824,0.5388583475307877,0.0012674657009496039,0.0021856427279600783,-0.0009181770270104744,-0.020098848853378426,-0.0021897975046411,0.6470588235294118,17,2.8932825882787467,acciones+ETFs
V05 pctB>1,5,22982,10205,0.5423811856932876,0.5523930265640531,-0.010011840870765454,0.532715029452361,0.5520473419342142,0.0025415490881945603,0.003626211831220274,-0.0010846627430257136,-0.017737379875207626,0.0014207841269353594,0.5294117647058824,17,2.0300942399022595,acciones+ETFs
V05 pctB>1,10,22982,8351,0.5570590348461262,0.5690746346928559,-0.01201559984672973,0.546405091954232,0.5677129777380203,0.0055712698336056205,0.007186599201579938,-0.0016153293679743172,-0.013410610946240742,-0.010221349523122147,0.7647058823529411,17,2.2105032792608843,acciones+ETFs
V05 pctB>1,21,22982,6786,0.5826702033598585,0.5894247488840954,-0.006754545524236821,0.5709374417832727,0.5944029649364444,0.014434964530544431,0.015210966521968631,-0.0007760019914241998,-0.012062929139468603,0.0009599642733689739,0.7058823529411765,17,1.1283711120427056,acciones+ETFs
V06 4+ subas seguidas,3,23768,13361,0.5385075967367712,0.5430094413145261,-0.004501844577754932,0.5300545205218279,0.5469606729517145,0.0012283589487691086,0.0021856427279600783,-0.0009572837791909697,-0.001976289778983009,-0.00808302676366901,0.47058823529411764,17,1.0438348298340556,acciones+ETFs
V06 4+ subas seguidas,5,23768,12003,0.5463634091477131,0.5523930265640531,-0.006029617416340005,0.5374569309234379,0.5552698873719882,0.002237776841993521,0.003626211831220274,-0.001388434989226753,-0.008479172825601067,-0.002389781664025814,0.4117647058823529,17,1.3269049604607608,acciones+ETFs
V06 4+ subas seguidas,10,23768,10142,0.5759219088937093,0.5690746346928559,0.006847274200853404,0.5663035941082625,0.5855402236791561,0.005958862253443628,0.007186599201579938,-0.00122773694813631,0.017207137540645956,-0.008015434955761735,0.5882352941176471,17,1.395323165548607,acciones+ETFs
V06 4+ subas seguidas,21,23768,7600,0.5869736842105263,0.5894247488840954,-0.0024510646735690367,0.5759036885048276,0.598043679916225,0.013208356447112945,0.015210966521968631,-0.002002610074855686,0.0016321337359702648,-0.00783710157434181,0.5882352941176471,17,0.43397367875420534,acciones+ETFs
V07 IBS>0.85 & rsi14>70,3,8599,6420,0.5222741433021807,0.5430094413145261,-0.020735298012345416,0.5100553816295648,0.5344929049747966,0.000848431748221144,0.0021856427279600783,-0.0013372109797389342,-0.02809286812871814,-0.009600423129271451,0.8235294117647058,17,3.3261295369464325,acciones+ETFs
V07 IBS>0.85 & rsi14>70,5,8599,5359,0.5439447658145177,0.5523930265640531,-0.008448260749535419,0.5306095417861514,0.557279989842884,0.00288114485955752,0.003626211831220274,-0.0007450669716627537,-0.012214651153600875,-0.0031991352425291275,0.7058823529411765,17,1.2417182518918681,acciones+ETFs
V07 IBS>0.85 & rsi14>70,10,8599,4116,0.5631681243926142,0.5690746346928559,-0.005906510300241696,0.5480152654041811,0.5783209833810473,0.005304946756899535,0.007186599201579938,-0.001881652444680403,-0.007387767760812403,-0.004105058915084503,0.7058823529411765,17,0.7639984109474531,acciones+ETFs
V07 IBS>0.85 & rsi14>70,21,8599,3124,0.5985915492957746,0.5894247488840954,0.009166800411679277,0.5814022131279032,0.6157808854636461,0.01368109328989301,0.015210966521968631,-0.0015298732320756202,0.0018576123525754218,0.019631569045456154,0.47058823529411764,17,1.0452369208110195,acciones+ETFs
V08 dist_ema200>3 ATR,3,155235,54274,0.541732689685669,0.5430094413145261,-0.001276751628857098,0.5375407780715666,0.5459246012997714,0.0017394053098334424,0.0021856427279600783,-0.0004462374181266359,-0.003770929257123967,0.0020575903954853647,0.7647058823529411,17,0.5969670696637047,acciones+ETFs
V08 dist_ema200>3 ATR,5,155235,33619,0.5492727326809245,0.5523930265640531,-0.003120293883128622,0.5439539210248786,0.5545915443369703,0.0029144084115222623,0.003626211831220274,-0.0007118034196980116,-0.006378056737210036,0.0012396414423812008,0.7058823529411765,17,1.1498387997966324,acciones+ETFs
V08 dist_ema200>3 ATR,10,155235,17778,0.5638429519631004,0.5690746346928559,-0.0052316827297554935,0.5565531598096652,0.5711327441165356,0.006012495233770619,0.007186599201579938,-0.001174103967809319,-0.009885224249273739,0.0010827935368658004,0.7058823529411765,17,1.4066379307520787,acciones+ETFs
V08 dist_ema200>3 ATR,21,155235,9165,0.5816693944353519,0.5894247488840954,-0.007755354448743423,0.5715701760624795,0.5917686128082243,0.01273358367329284,0.015210966521968631,-0.0024773828486757913,-0.008254895774338689,-0.008492463342096856,0.7647058823529411,17,1.5051159563365102,acciones+ETFs
V09 mr_score<0.1,3,25001,11782,0.5248684433882194,0.5430094413145261,-0.018140997926306746,0.5158510974465815,0.5338857893298572,0.0014844366892806788,0.0021856427279600783,-0.0007012060386793995,-0.023780797781430496,-0.009804700051105564,0.6470588235294118,17,3.943106559922336,acciones+ETFs
V09 mr_score<0.1,5,25001,8602,0.5411532201813531,0.5523930265640531,-0.011239806382699946,0.530622687994866,0.5516837523678403,0.0027837798336461145,0.003626211831220274,-0.0008424319975741594,-0.01809708339040328,-0.0011111918003336996,0.6470588235294118,17,2.092013976118036,acciones+ETFs
V09 mr_score<0.1,10,25001,5886,0.5688073394495413,0.5690746346928559,-0.0002672952433145914,0.556155192767313,0.5814594861317697,0.006756507389655815,0.007186599201579938,-0.00043009181192412305,-0.005565711717005151,0.007213896688204047,0.5294117647058824,17,0.0414078883255825,acciones+ETFs
V09 mr_score<0.1,21,25001,4039,0.5914830403565239,0.5894247488840954,0.0020582914724285306,0.5763231751923686,0.6066429055206791,0.014771609839087372,0.015210966521968631,-0.0004393566828812586,-0.006242791284413407,0.013916287437517272,0.35294117647058826,17,0.2661139292649324,acciones+ETFs
V10 rsi2>95 & SPY<ema200,3,3487,2060,0.5422330097087379,0.5430094413145261,-0.0007764316057882192,0.5207181918515926,0.5637478275658832,0.0007502468594654513,0.0021856427279600783,-0.001435395868494627,0.00013044715242449545,-0.0035418855746708333,0.46153846153846156,13,0.07073292265123707,acciones+ETFs
V10 rsi2>95 & SPY<ema200,5,3487,1794,0.5490523968784838,0.5523930265640531,-0.003340629685569252,0.5260265936311229,0.5720782001258448,0.000853142953314538,0.003626211831220274,-0.002773068877905736,0.0012564946186944814,-0.011867819278459035,0.38461538461538464,13,0.2843607284130761,acciones+ETFs
V10 rsi2>95 & SPY<ema200,10,3487,1548,0.5833333333333334,0.5690746346928559,0.014258698640477463,0.5587736157022669,0.6078930509643998,0.0048014584255131835,0.007186599201579938,-0.0023851407760667543,0.009691609830398629,0.020553577427204095,0.6923076923076923,13,1.1379222577048143,acciones+ETFs
V10 rsi2>95 & SPY<ema200,21,3487,1248,0.6097756410256411,0.5894247488840954,0.02035089214154573,0.5827117022490967,0.6368395798021854,0.018711720291788723,0.015210966521968631,0.003500753769820092,0.0336986064239746,0.0014482583534054516,0.7692307692307693,13,1.4738338320510616,acciones+ETFs
V11 rsi14>75 & cerca max 52w,3,7849,3721,0.5124966406879871,0.5430094413145261,-0.03051280062653905,0.49643608549505114,0.528557195880923,0.0009076026876065175,0.0021856427279600783,-0.0012780400403535608,-0.031695120360276885,-0.029163726037425786,0.8235294117647058,17,3.7237248967782404,acciones+ETFs
V11 rsi14>75 & cerca max 52w,5,7849,2798,0.5421729807005004,0.5523930265640531,-0.01022004586355274,0.5237121235655536,0.5606338378354471,0.0022144950311560356,0.003626211831220274,-0.0014117168000642383,-0.02403858808106485,0.010558769089527131,0.6470588235294118,17,1.0850682471640916,acciones+ETFs
V11 rsi14>75 & cerca max 52w,10,7849,2040,0.567156862745098,0.5690746346928559,-0.0019177719477578847,0.5456559027329195,0.5886578227572765,0.006238677769413172,0.007186599201579938,-0.0009479214321667659,-0.011733186303699794,0.012634430030736832,0.5882352941176471,17,0.17482163659094288,acciones+ETFs
V11 rsi14>75 & cerca max 52w,21,7849,1590,0.5842767295597484,0.5894247488840954,-0.005148019324346942,0.5600514402882876,0.6085020188312092,0.013514928477285193,0.015210966521968631,-0.001696038044683438,-0.02115167954664332,0.01881260138880081,0.5294117647058824,17,0.4165117601962724,acciones+ETFs
V12 z20>2 & vol alta,3,4292,2489,0.5307352350341502,0.5430094413145261,-0.012274206280375899,0.5111291195390031,0.5503413505292973,4.056355261464952e-05,0.0021856427279600783,-0.002145079175345429,-0.03113791896251472,0.01049324873505808,0.5625,16,1.2270377737747897,acciones+ETFs
V12 z20>2 & vol alta,5,4292,2094,0.5234001910219676,0.5523930265640531,-0.028992835542085538,0.5020076879483255,0.5447926940956096,-0.00019556506618253314,0.003626211831220274,-0.003821776897402807,-0.04054651239680851,-0.013484894643971512,0.625,16,2.6563491643249297,acciones+ETFs
V12 z20>2 & vol alta,10,4292,1858,0.5376749192680301,0.5690746346928559,-0.03139971542482578,0.5150041199332958,0.5603457186027645,0.001362692724669885,0.007186599201579938,-0.0058239064769100525,-0.04102716386922045,-0.016987950811998553,0.5,16,2.714656917207446,acciones+ETFs
V12 z20>2 & vol alta,21,4292,1680,0.5714285714285714,0.5894247488840954,-0.017996177455523954,0.547764252296173,0.5950928905609698,0.009431366281705341,0.015210966521968631,-0.0057796002402632895,-0.004139231413863298,-0.029787041779532508,0.5625,16,1.490535502647777,acciones+ETFs
