feature,n,ic_pooled,ic_ts,ic_xs,ic_is,ic_oos,ts_consist,yr_consist,d10,d1,d10_d1,abs_ic
dist_52w_low,343919,0.0415721241891699,-0.02019406823037031,0.0790493410101976,0.04089146202811069,0.05820894018953416,0.3956043956043956,0.7058823529411765,0.10415815487628483,0.004536466409815293,0.09962168846646953,0.0415721241891699
ret_252,329996,0.04037823851478049,-0.028012900036073138,0.04096682520265106,0.045266912387426674,0.029170812288325184,0.38461538461538464,0.75,0.08243537095034711,0.03571616507750053,0.046719205872846586,0.04037823851478049
rs_252,329996,0.03855238979168362,-0.0573286876449299,0.04096682520265106,0.04170959231097576,0.021819258022141068,0.3626373626373626,0.625,0.08243537095034711,0.03571616507750053,0.046719205872846586,0.03855238979168362
mom_12_1,329996,0.03675710943769255,-0.020480953163485548,0.03652414949140935,0.04639181663462876,0.02167784727747625,0.4065934065934066,0.75,0.07851125191892222,0.042932145785421906,0.035579106133500314,0.03675710943769255
dist_ema200_atr,334819,0.03606854230864766,-0.031233282984912174,0.027611559702767394,0.016948127888868153,0.03832207903471485,0.3626373626373626,0.5294117647058824,0.03979029291893159,0.021901030507317867,0.017889262411613722,0.03606854230864766
px_ema200,334819,0.03362116828835803,-0.042234009105487504,0.04439995668029012,0.0228090176088921,0.035815833384369805,0.32967032967032966,0.6470588235294118,0.0764916126347773,0.03090982627563277,0.04558178635914453,0.03362116828835803
ema50_ema200,334819,0.03275505634776,-0.03820176334165731,0.044511594255270834,0.03400493013786643,0.021716572519582818,0.3516483516483517,0.5294117647058824,0.07921105148986207,0.038125770528978274,0.0410852809608838,0.03275505634776
ema200_slope63,329086,0.029482115855197513,-0.03789537521220159,0.038543693304110234,0.032909180078071414,0.01531943652273779,0.3516483516483517,0.5,0.07559319206442128,0.04063781480268396,0.034955377261737315,0.029482115855197513
ret_126,341462,0.021895371849344203,-0.03494842435896237,0.04798115297594514,0.017823691341299738,0.019407100048328706,0.4175824175824176,0.5294117647058824,0.08086172831158743,0.03595479502586908,0.04490693328571835,0.021895371849344203
px_ema50,348469,0.02099366343453474,-0.030909986488350034,0.023692820355437776,-0.0022509802472998387,0.04223047313267767,0.3626373626373626,0.47058823529411764,0.06848120029354528,0.033686527686251556,0.03479467260729372,0.02099366343453474
rs_63,347195,0.020600539326315667,-0.03655510194930319,0.028258522131001954,0.004983376958895191,0.024492758185029932,0.3516483516483517,0.5294117647058824,0.07677592746997021,0.03392349945846661,0.0428524280115036,0.020600539326315667
ema50_slope21,346558,0.020269874659304986,-0.0328679149673836,0.026569112240552462,0.002639878685178543,0.034329020717230894,0.3956043956043956,0.5294117647058824,0.0717648089786189,0.032829316442808384,0.03893549253581051,0.020269874659304986
vol_of_vol,345375,0.020202110878014455,0.01637531450690807,0.02651573573408438,0.031132828115508455,0.003294358216882125,0.6153846153846154,0.6470588235294118,0.041131946140228415,0.02804748316606274,0.013084462974165673,0.020202110878014455
px_ema20,351199,0.019450370255019583,-0.017899283640497702,0.01788030416814988,0.0030826325211803693,0.03559094184280861,0.38461538461538464,0.5294117647058824,0.061584164765011114,0.0367109701421149,0.024873194622896215,0.019450370255019583
drawdown_252,343919,0.018458631671090433,-0.04220491092312097,-0.015520481618259014,-0.004304968701860584,0.01802832858872194,0.2967032967032967,0.5294117647058824,0.008331538393160623,0.06082422820979264,-0.05249268981663202,0.018458631671090433
ret_63,347195,0.018435369014478644,-0.03211899779103353,0.028258522131001954,0.0014263831182882317,0.03157072773222534,0.4175824175824176,0.5882352941176471,0.07677592746997021,0.03392349945846661,0.0428524280115036,0.018435369014478644
days_above_ema200_63,350289,0.018057501881360814,-0.03528690117813033,0.018717964090153832,0.013043170088726729,0.014516467509523928,0.34065934065934067,0.47058823529411764,0.16516326429680278,0.030829644915722258,0.13433361938108052,0.018057501881360814
rsi14,351654,0.017961648395697968,-0.01671774560602238,0.010731928370883846,0.0015264614638093245,0.029550019061921427,0.4175824175824176,0.4117647058823529,0.03383857030981665,0.0178567315284933,0.01598183878132335,0.017961648395697968
atr_pct,351745,0.017327472040773666,0.012826262890566967,0.08867573792352769,0.045794603027056256,0.02587218551291958,0.5384615384615384,0.5882352941176471,0.13610316462871577,-0.01151280357965825,0.14761596820837403,0.017327472040773666
dist_52w_high,343919,0.017294528890675433,-0.040347193399219466,-0.019525649007602962,-0.009278505918663067,0.01889136455595569,0.2967032967032967,0.5294117647058824,0.0063586583282940114,0.061021048311243595,-0.05466238998294958,0.017294528890675433
ret_21,351017,0.01707037324135073,-0.017935384410457392,0.018993098708933894,0.0032025553599731855,0.03130889670030209,0.34065934065934067,0.47058823529411764,0.06413279892676181,0.039816216121335346,0.024316582805426465,0.01707037324135073
rs_21,351017,0.016317473318920243,-0.024180628901353755,0.018993098708933894,0.01104718303906163,0.016989547675223638,0.31868131868131866,0.5882352941176471,0.06413279892676181,0.039816216121335346,0.024316582805426465,0.016317473318920243
corr_bench_63,349288,-0.01630938419858689,0.0018636991128677311,-0.012686948675347124,-0.05387353395053093,0.008839601240207533,0.5164835164835165,0.7058823529411765,0.010535458503365132,0.052671052946699944,-0.04213559444333481,0.01630938419858689
zscore_20,351199,0.01342508381453757,-0.00976584229927887,0.0054156356240589835,0.0022227318661496775,0.021191133056834635,0.43956043956043955,0.4117647058823529,0.02573837478304477,0.02225246064975037,0.0034859141332943995,0.01342508381453757
bb_pctb,351199,0.01342508381453757,-0.00976584229927887,0.0054156356240589835,0.0022227318661496775,0.021191133056834635,0.43956043956043955,0.4117647058823529,0.02573837478304477,0.02225246064975037,0.0034859141332943995,0.01342508381453757
obv_slope21,351017,0.01323443891587458,-0.00894963404806745,0.005671439722186712,-0.004739034943398291,0.029628437429898447,0.3516483516483517,0.47058823529411764,0.030014358294720263,0.022492949992982725,0.007521408301737538,0.01323443891587458
bb_bandwidth,351199,0.012406492770674873,0.004424065755302705,0.06367016476057522,0.029215472470815625,0.020857886325293545,0.5824175824175825,0.47058823529411764,0.09810074068363098,-0.009637384580593465,0.10773812526422444,0.012406492770674873
adx14,350562,-0.011600255661328652,-0.015176105563199517,0.0016350514465419508,-0.00827120775379247,-0.01989726646674086,0.5054945054945055,0.7647058823529411,0.03445648169952247,0.019307283178105036,0.015149198521417436,0.011600255661328652
ret_5,352473,0.010305263069062048,-0.008579016272790363,0.011710382085779977,0.0026534582146560673,0.018451284930407354,0.3956043956043956,0.47058823529411764,0.05434039876304816,0.03979048596801484,0.014549912795033315,0.010305263069062048
rsi2,352746,0.008382573535322636,-0.005208662191780543,0.009207066688068638,0.0027653641064928295,0.011917966793837538,0.38461538461538464,0.5294117647058824,0.027918382005949705,0.020503706082886194,0.00741467592306351,0.008382573535322636
vol_ratio_21_63,347195,-0.008199111001224592,-0.008014126898313047,-0.013146424585423668,-0.00664870688199713,-0.010484637945368764,0.5714285714285714,0.7058823529411765,0.02850111009593407,0.03598908782904676,-0.0074879777331126884,0.008199111001224592
dollar_vol_trend,347559,-0.0072063391832956685,-0.020006479431253846,-0.0020510531581634187,-0.015263597693032555,0.0026086725266849867,0.6373626373626373,0.5294117647058824,0.048189936963484434,0.04060831585305266,0.0075816211104317716,0.0072063391832956685
macd_hist_norm,349925,0.006356541835781726,0.002064874173157321,0.0010203288403999825,0.003911774841081967,0.010716916971026022,0.4725274725274725,0.6470588235294118,0.049628675412728904,0.04829698864284214,0.001331686769886764,0.006356541835781726
bench_px_ema200,334819,-0.005242996757488063,-0.009181994918830922,0.017031586474183586,-0.016513536174520758,0.02207187409683211,0.5384615384615384,0.5882352941176471,,0.01907900159604123,,0.005242996757488063
vol_ratio_20,351199,-0.004195501250915806,-0.0019052459119690444,-0.013335967206080317,-0.010375119533855311,0.006096249073281728,0.5714285714285714,0.5882352941176471,0.028818787669096204,0.036937940471287095,-0.008119152802190891,0.004195501250915806
down_streak,352928,-0.0029825520353277324,0.0035430018913964363,-0.0058879042284039965,0.0012314708327592462,-0.005512731092040324,0.3516483516483517,0.47058823529411764,,0.021694591865591934,,0.0029825520353277324
bb_bw_rank120,345830,0.0025890697834561474,0.002215955662765872,0.0016425218389836294,0.005508016924393996,-0.001352391084667871,0.45054945054945056,0.5294117647058824,0.02604232663703703,0.025996753477075994,4.557315996103414e-05,0.0025890697834561474
bar_pos,352927,0.002559490039688605,-0.0031489823817752657,0.00549821053743859,-0.00019632209098892665,0.0037654150989709723,0.38461538461538464,0.47058823529411764,0.0249999086683975,0.02662722597098722,-0.0016273173025897203,0.002559490039688605
mom_accel,347195,0.0019310856721307748,-0.0033994878029036603,-0.007199915790935623,-0.000246921284127495,0.005908241797193243,0.4725274725274725,0.47058823529411764,0.04845344700436738,0.057589298217770285,-0.009135851213402907,0.0019310856721307748
macd_hist_slope,349470,0.000803345703965895,-0.0007879728754870566,-0.0010777857675639416,-9.197346012604162e-05,0.001205212098943523,0.4945054945054945,0.5294117647058824,0.04886609624318673,0.04801833801844024,0.0008477582247464893,0.000803345703965895
atr_pct_rank252,340370,-0.0005148232036327992,0.003846086328114709,-0.012276487272213771,-0.02005387571099256,0.019315115856321147,0.45054945054945056,0.5294117647058824,0.02858714225738719,0.035972265666451494,-0.007385123409064304,0.0005148232036327992
