i,date,playbook,score,asset,regime,outcome,entry,stop,target,bars_held,mfe,mae,ret_horizon,r_mult,hit10_no_stop,risk_pct,class
2014,2024-01-04,A,90.0,MELI,RISK_ON,WIN,1527.0799560546875,1432.9695479511104,1679.7879516601563,7.0,0.1950913197204216,-0.030803833686428694,-0.01660684841747362,1.6226472574361754,True,0.06162768866845564,stock
2047,2024-02-22,B,90.0,MELI,RISK_ON,LOSS,1670.0,1552.6216455132737,1837.0000000000002,8.0,0.07308386157372748,-0.2065928202189371,0.039988041495134796,-1.0,False,0.07028643981241088,stock
2139,2024-07-05,A,70.0,MELI,RISK_ON,WIN,1659.3900146484375,1549.0683660108448,1825.3290161132813,22.0,0.30272567713789655,-0.04797545161101191,0.1806747864437137,1.5041381588663034,True,0.06648325448732173,stock
2150,2024-07-22,A,80.0,MELI,RISK_ON,WIN,1683.510009765625,1563.1954930334855,1851.8610107421875,12.0,0.2840612576872661,-0.06161530366142054,0.2353891732143869,1.399257592093965,True,0.07146646947997025,stock
2200,2024-10-01,A,82.0,MELI,RISK_ON,LOSS,1993.219970703125,1876.7771953374988,2192.5419677734376,27.0,0.07706128772233112,-0.17420052769220462,-0.14688796700827478,-1.0,False,0.058419430407648375,stock
2212,2024-10-17,A,72.0,MELI,RISK_ON,LOSS,2065.8701171875,1949.2201216452436,2272.45712890625,15.0,0.03918443395758153,-0.20324129464591711,-0.1119916036816736,-1.0,False,0.05646530949441543,stock
2222,2024-10-31,A,75.0,MELI,RISK_ON,LOSS,2030.43994140625,1912.7829066920344,2233.4839355468753,5.0,0.05731768991528119,-0.18933824811385114,-0.03153499195953391,-1.0,False,0.05794657222548932,stock
2226,2024-11-06,B,90.0,MELI,RISK_ON,LOSS,1920.0,1807.8383285400807,2112.0,1.0,0.11813545227050781,-0.14270833333333333,0.06365623474121085,-1.0,True,0.0584175372187079,stock
2375,2025-06-13,A,75.0,MELI,RISK_ON,WIN,2390.0,2220.625338777468,2629.0,11.0,0.10678659862055428,-0.043937242579759395,-0.02266942746469669,1.4110729330758114,True,0.07086805908892549,stock
2018,2024-01-10,B,70.0,MSFT,RISK_ON,WIN,378.64317007041507,364.59930918544876,416.50748707745663,44.0,0.11817791394850974,-0.014559572842454682,0.11067692533681606,2.6961472573097405,True,0.0370899622522034,stock
2151,2024-07-23,A,70.0,MSFT,RISK_ON,LOSS,433.6351347306288,415.03974506139724,476.99864820369174,2.0,0.004986611902583649,-0.12457728681041469,-0.04748611339944142,-1.0,False,0.04288257149823179,stock
2374,2025-06-12,B,70.0,MSFT,RISK_ON,WIN,472.6348110082228,455.2368153441218,519.8982921090451,33.0,0.16590750695276846,-0.008186171260474828,0.07205605198781906,2.7166049476805885,True,0.03681065223906739,stock
2407,2025-07-31,B,80.0,MSFT,RISK_ON,LOSS,530.7605061500977,508.41527032456895,583.8365567651076,13.0,0.03669208429292414,-0.07816933107706048,0.013907100222223079,-1.0,False,0.04210041170472771,stock
2421,2025-08-20,A,75.0,MSFT,RISK_ON,TIMEOUT,500.5200933584279,478.4742721485858,550.5721026942707,63.0,0.09932692549684052,-0.03357224449629026,-0.019654934785864664,-0.4462383006890608,False,0.044045826535988535,stock
2431,2025-09-04,A,80.0,MSFT,RISK_ON,LOSS,505.86622472604114,487.2554118373287,556.4528471986453,53.0,0.08770894059807954,-0.08507652476303762,-0.05980683084403415,-1.0,False,0.036789989090082756,stock
2447,2025-09-26,A,75.0,MSFT,RISK_ON,LOSS,508.28089264453985,490.02090291157475,559.1089819089939,37.0,0.0825416090663722,-0.08942301190333046,-0.0447256507157916,-1.0,False,0.03592499737292902,stock
2462,2025-10-17,A,75.0,MSFT,RISK_ON,LOSS,511.37132460679527,491.2675302735014,562.5084570674749,15.0,0.07599935488013565,-0.12531637489730452,-0.11511486655916614,-1.0,False,0.03931349562620108,stock
2478,2025-11-10,A,75.0,MSFT,RISK_ON,LOSS,501.6230817360039,477.8031969301942,551.7853899096043,8.0,0.017234539834860785,-0.22136630957394476,-0.19745078699443475,-1.0,False,0.04748562351511908,stock
2615,2026-05-29,B,75.0,MSFT,,INCOMPLETE,,,,,,,,,,,stock
1117,2024-01-03,A,75.0,VIST,RISK_ON,WIN,30.15999984741211,26.964974567220338,33.17599983215332,16.0,0.45865385454544083,-0.04442971350687419,0.36936337685705634,0.9439674870303959,True,0.1059358520012035,stock
1146,2024-02-14,A,85.0,VIST,RISK_ON,WIN,31.940000534057617,29.426690023845826,35.13400058746338,3.0,0.5120537683600965,-0.0006261883979101768,0.4906073830394908,1.2708338426263965,True,0.07868849305534138,stock
1191,2024-04-19,A,72.0,VIST,RISK_ON,WIN,41.88999938964844,38.44243735260467,46.078999328613286,11.0,0.19396037522998366,-0.04249221306354889,0.14180001260334474,1.2150615112808392,True,0.08230036016414222,stock
1202,2024-05-06,B,70.0,VIST,RISK_ON,LOSS,46.20000076293945,42.274650532151675,50.8200008392334,20.0,0.08257572648720135,-0.22056281976472236,-0.08333338149870206,-1.0,False,0.08496428930660548,stock
1226,2024-06-10,A,80.0,VIST,RISK_ON,WIN,44.380001068115234,39.33864756481743,48.81800117492676,23.0,0.18228931856426067,-0.18859852512701836,0.026137895887648144,0.8803191650631923,True,0.1135951640821334,stock
1241,2024-07-02,A,85.0,VIST,RISK_ON,LOSS,45.79999923706055,40.98437310468844,50.37999916076661,22.0,0.14563323350986712,-0.21375548206571693,-0.008951961883011283,-1.0,True,0.1051446771308108,stock
1261,2024-07-31,A,75.0,VIST,RISK_ON,LOSS,45.099998474121094,40.21715002288114,49.609998321533205,2.0,0.19733928662959555,-0.20155211663263894,0.12305993879229216,-1.0,True,0.10826715335792728,stock
1316,2024-10-17,A,75.0,VIST,RISK_ON,WIN,49.5,44.583918388898596,54.45,26.0,0.2165656812263257,-0.062222259213225994,0.1610101256707701,1.006899476367927,True,0.09931478002225061,stock
1364,2024-12-26,A,75.0,VIST,RISK_ON,WIN,54.11000061035156,48.70328166395376,59.52100067138672,12.0,0.1397153478713411,-0.24191461846118878,-0.13953057016998416,1.000791813793133,True,0.09992088126799001,stock
1491,2025-07-02,A,75.0,VIST,RISK_ON,LOSS,48.20000076293945,43.55356565579091,53.020000839233404,12.0,0.019709559085109074,-0.34377596140856037,-0.3006224367035286,-1.0,False,0.09639906708717615,stock
1609,2025-12-18,A,75.0,VIST,RISK_ON,WIN,46.810001373291016,41.75812723716717,51.49100151062012,21.0,0.5908139549950489,-0.06622521251595537,0.4494765324411023,0.9265868489987156,True,0.10792296492019242,stock
1689,2026-04-16,A,90.0,VIST,RISK_ON,WIN,62.599998474121094,54.015731422698664,68.85999832153321,4.0,0.30095853716471943,-0.04440892726932144,0.022683677373128708,0.7292410417701088,True,0.13712886997866575,stock
1706,2026-05-11,A,90.0,VIST,,INCOMPLETE,,,,,,,,,,,stock
1726,2026-06-09,A,75.0,VIST,,INCOMPLETE,,,,,,,,,,,stock
2016,2024-01-08,B,70.0,NVDA,RISK_ON,WIN,52.308031854280586,48.882803829554014,57.53883503970865,8.0,0.8588298674417434,-0.013568487941127971,0.6289378957465528,1.5271401342238002,True,0.06548187540813144,stock
2150,2024-07-22,A,80.0,NVDA,RISK_ON,LOSS,122.57796493987696,108.71484930477595,134.83576143386466,3.0,0.14759789124301315,-0.26136176465743755,0.12405764407909592,-1.0,True,0.11309631092260919,stock
2226,2024-11-06,B,70.0,NVDA,RISK_ON,LOSS,146.1616297903136,134.3822689573281,160.77779276934498,15.0,0.046113351723044094,-0.22796783402979215,-0.08751151704900784,-1.0,False,0.0805913347428078,stock
2242,2024-11-29,A,90.0,NVDA,RISK_ON,WIN,138.61342701841852,125.60986811924786,152.47476972026038,25.0,0.10307951922240988,-0.206817131151937,-0.15502364248603728,1.0659653106755191,True,0.09381168317440688,stock
2381,2025-06-24,B,70.0,NVDA,RISK_ON,WIN,149.0714619384952,139.5261634601541,163.97860813234473,10.0,0.23641998190664504,-6.705811843299436e-05,0.19541802767198502,1.561726563886379,True,0.0640316956325239,stock
2431,2025-09-04,A,80.0,NVDA,RISK_ON,WIN,167.80648732819571,155.81836003527624,184.58713606101531,18.0,0.2628815984924646,-0.023567169456922277,0.06885767461576253,1.3997723182945092,True,0.07144018973159906,stock
2441,2025-09-18,A,90.0,NVDA,RISK_ON,WIN,175.54609885389235,163.1473320414617,193.1007087392816,15.0,0.2072027025266956,-0.03538707632553362,-0.0274249806577479,1.4158351512659706,True,0.07062969153618265,stock
2462,2025-10-17,A,80.0,NVDA,RISK_ON,WIN,182.89672994644732,168.2624862988296,201.18640294109207,7.0,0.15868514990119276,-0.07415493046441302,-0.027576444745719964,1.2497860111562424,True,0.08001369763091265,stock
2469,2025-10-28,B,70.0,NVDA,RISK_ON,LOSS,207.715080745974,193.04405911439432,228.48658882057143,7.0,0.020242363690508247,-0.18477736403652012,-0.07433065771050851,-1.0,False,0.07063050780372407,stock
2485,2025-11-19,A,75.0,NVDA,RISK_ON,LOSS,195.70039225393623,177.0492913743694,215.27043147932986,2.0,0.00025518271261337766,-0.13472817450781538,-0.022400271214699452,-1.0,False,0.09530436124709239,stock
2523,2026-01-15,A,85.0,NVDA,RISK_ON,LOSS,188.84966224271636,175.72780741749366,207.73462846698803,13.0,0.06680194330404476,-0.131167225746738,0.06669613964981291,-1.0,False,0.06948307277541227,stock
2614,2026-05-28,A,72.0,NVDA,,INCOMPLETE,,,,,,,,,,,stock
2626,2026-06-15,A,80.0,NVDA,,INCOMPLETE,,,,,,,,,,,stock
2198,2024-09-27,A,70.0,JNJ,RISK_ON,LOSS,153.81622409891565,148.67848842913446,169.19784650880723,30.0,0.03206036117239064,-0.10939294154253032,-0.09504330703853048,-1.0,False,0.03340177994798029,stock
2246,2024-12-05,C,75.0,JNJ,RISK_ON,LOSS,143.36188410827347,138.0512251835116,157.69807251910083,7.0,0.1470027024101117,-0.05830375748312555,0.11913551311343817,-1.0,True,0.03704372998300589,stock
2447,2025-09-26,B,70.0,JNJ,RISK_ON,WIN,176.73406344614986,170.8113615580902,194.40746979076485,36.0,0.2042279502944273,-0.0001668174330835548,0.16192122195238579,2.9840107907921367,True,0.03351194315669816,stock
2471,2025-10-30,A,75.0,JNJ,RISK_ON,WIN,184.23272445795735,177.43032467277084,202.6559969037531,16.0,0.24110672567023395,-0.012482642097596086,0.23874464260620099,2.708348969126431,True,0.03692286375941232,stock
2583,2026-04-14,A,90.0,JNJ,RISK_ON,LOSS,238.56797895805093,227.29387605913723,262.42477685385603,5.0,0.12936360467368924,-0.08156206459950055,0.03542816329049847,-1.0,True,0.04725740205434734,stock
2651,2026-07-22,A,70.0,JNJ,,INCOMPLETE,,,,,,,,,,,stock
2661,2026-08-05,A,80.0,JNJ,,INCOMPLETE,,,,,,,,,,,stock
2182,2024-09-05,A,75.0,META,RISK_ON,WIN,518.4001250490212,484.05683527822083,570.2401375539233,12.0,0.18488790675423084,-0.050356525600206314,0.1772159986279498,1.5094655419114216,True,0.06624861397854169,stock
2236,2024-11-20,A,75.0,META,RISK_ON,WIN,566.2621684175319,532.4168392215188,622.8883852592852,11.0,0.3019868364163447,-0.03594260260618998,0.1554121232304977,1.6730880800067278,True,0.05976971636759129,stock
2264,2025-01-02,A,75.0,META,RISK_ON,WIN,601.7855544308446,564.1016920663112,661.9641098739291,16.0,0.22513058648855644,-0.18208936209441584,-0.16466200918874319,1.596931727988748,True,0.06262008465818684,stock
2300,2025-02-26,A,80.0,META,RISK_ON,LOSS,679.0933865536915,629.9335250609602,747.0027252090607,4.0,0.009084932370329257,-0.2963193478714873,-0.05611748296812269,-1.0,False,0.07239042886606671,stock
2399,2025-07-21,A,82.0,META,RISK_ON,WIN,713.8503357336546,678.1204545685234,785.23536930702,16.0,0.11178600692304497,-0.03520560290750274,0.0016949014450216016,1.99790850810414,True,0.050052342033866326,stock
2407,2025-07-31,B,80.0,META,RISK_ON,LOSS,758.2447642610286,709.0898354133092,834.0692406871316,43.0,0.046692112776367534,-0.09169329385394354,-0.011242718610863678,-1.0,False,0.06482725785205379,stock
2423,2025-08-22,A,80.0,META,RISK_ON,LOSS,752.354165267511,704.5577220845049,827.5895817942621,30.0,0.047666996945973095,-0.22942911244549102,-0.2189560033968515,-1.0,False,0.06352917999199402,stock
2437,2025-09-12,A,90.0,META,RISK_ON,LOSS,754.995481759339,716.8478977116091,830.4950299352729,13.0,0.044001782803858136,-0.23212491876830166,-0.13772087193676485,-1.0,False,0.05052690376217344,stock
2451,2025-10-02,A,70.0,META,RISK_ON,LOSS,727.7372737109582,687.6862596395868,800.5110010820541,20.0,0.04047246046463071,-0.20336330454913742,-0.10784851134653739,-1.0,False,0.05503499067340458,stock
2016,2024-01-08,A,72.0,YPFD,RISK_ON,LOSS,16.649999618530273,14.817761743627294,18.3149995803833,6.0,0.3375375956753017,-0.12732732337120733,0.3063063362352145,-1.0,True,0.11004431933222555,stock
2027,2024-01-24,A,70.0,YPFD,RISK_ON,LOSS,16.75,15.076010051677521,18.425,10.0,0.32955226613514466,-0.10805972654428053,0.2035820804425139,-1.0,True,0.09993969840731223,stock
2039,2024-02-09,A,80.0,YPFD,RISK_ON,WIN,16.670000076293945,14.891779206555352,18.337000083923343,8.0,0.4859028400958778,-0.012597539943621672,0.366526729597348,0.937453854016712,True,0.10667191731254785,stock
2088,2024-04-22,A,70.0,YPFD,RISK_ON,WIN,20.969999313354492,18.826093970968472,23.066999244689942,9.0,0.1812113146798815,-0.0858368762994779,-0.023843586856084453,0.9781215102536339,True,0.10223678648480933,stock
2113,2024-05-28,A,80.0,YPFD,RISK_ON,LOSS,22.010000228881836,19.584398710415496,24.21100025177002,9.0,0.09450249441509095,-0.26487959396092353,-0.01908223861546421,-1.0,False,0.11020452036540329,stock
2200,2024-10-01,A,75.0,YPFD,RISK_ON,WIN,22.0,20.073931828026936,24.200000000000003,7.0,1.0895455100319604,-0.027272744612260258,0.932272650978782,1.142223329377964,True,0.08754855327150284,stock
2279,2025-01-27,A,70.0,YPFD,RISK_ON,LOSS,39.84000015258789,35.423654325730524,43.824000167846684,12.0,0.033634541853806876,-0.38102410258624797,-0.2105923533512699,-1.0,False,0.11085205346241689,stock
2409,2025-08-04,A,70.0,YPFD,RISK_ON,LOSS,33.220001220703125,30.099241117458128,36.54200134277344,15.0,0.12251654260288669,-0.3130644534533459,0.09662850591565131,-1.0,True,0.09394220314778619,stock
2442,2025-09-19,C,90.0,YPFD,RISK_ON,LOSS,27.399999618530273,23.383686360755153,30.139999580383304,9.0,0.45255473690387604,-0.1598539861951116,0.29963507686580293,-1.0,True,0.14658077787194346,stock
2502,2025-12-15,A,75.0,YPFD,RISK_ON,WIN,34.79999923706055,31.294786868498694,38.27999916076661,28.0,0.16034488371804967,-0.05919533344127026,0.13448277033844813,0.9928071562562292,True,0.1007244955577168,stock
2519,2026-01-09,A,80.0,YPFD,RISK_ON,WIN,33.63999938964844,30.462936602813485,37.00399932861328,10.0,0.45541022511250184,-0.009512476237520051,0.2934006870083927,1.0588396152901096,True,0.09444300964561209,stock
2588,2026-04-21,A,70.0,YPFD,RISK_ON,WIN,44.060001373291016,39.501738040714116,48.466001510620124,20.0,0.3048116179432756,-0.05515207057276306,0.19178385576185075,0.9665962266463181,True,0.10345581458243211,stock
2648,2026-07-17,A,75.0,YPFD,,INCOMPLETE,,,,,,,,,,,stock
2016,2024-01-08,A,70.0,PAMP,RISK_ON,LOSS,48.84000015258789,43.53448775314314,53.72400016784668,21.0,0.02395573639004822,-0.21887794007597994,-0.047911550886100884,-1.0,False,0.10863047466971863,stock
2087,2024-04-19,A,75.0,PAMP,RISK_ON,WIN,43.08000183105469,38.17729463068683,47.38800201416016,10.0,0.19127199427901687,-0.018105909026026712,0.08054775437601003,0.8786982389611675,True,0.1138047119773724,stock
2149,2024-07-19,A,75.0,PAMP,RISK_ON,LOSS,46.61000061035156,41.90969400515662,51.27100067138672,11.0,0.4617034190359366,-0.17228059802928863,0.4556961507323465,-1.0,True,0.1008433070938656,stock
2206,2024-10-09,B,70.0,PAMP,RISK_ON,WIN,63.310001373291016,57.70286163080297,69.64100151062013,20.0,0.5408308471923653,-0.014847613663183656,0.4986573242035275,1.1290961930832593,True,0.08856641321845819,stock
2279,2025-01-27,A,70.0,PAMP,RISK_ON,LOSS,83.52999877929688,73.18907479746235,91.88299865722657,23.0,0.09074586306510768,-0.28612472238064146,-0.11373159510155051,-1.0,False,0.12379892413451758,stock
2513,2025-12-31,A,82.0,PAMP,RISK_ON,LOSS,88.44000244140625,80.87221286257305,97.28400268554688,4.0,0.021031213919107117,-0.21596568946467254,0.009158723838009752,-1.0,False,0.08556975768795408,stock
2047,2024-02-22,A,75.0,NOW,RISK_ON,LOSS,155.07000732421875,144.61002013900156,170.57700805664064,40.0,0.04181333090877315,-0.11795967358177994,-0.005829669925259795,-1.0,False,0.06745332231362794,stock
2057,2024-03-07,A,90.0,NOW,RISK_ON,LOSS,153.82000732421875,142.9904167827315,169.20200805664064,30.0,0.05027950306862139,-0.17047202251261517,-0.08573659414956114,-1.0,False,0.07040430389956269,stock
2153,2024-07-25,A,70.0,NOW,RISK_ON,LOSS,165.1699981689453,151.37369718680293,181.68699798583987,7.0,0.1498335131863302,-0.09656715580954123,0.09908577523693518,-1.0,True,0.08352788723791561,stock
2187,2024-09-12,B,80.0,NOW,RISK_ON,WIN,176.35400390625,164.68904584988607,193.98940429687502,30.0,0.313154205186988,-0.021014600343879475,0.30099685607728155,1.5118271583500313,True,0.06614512740274979,stock
2257,2024-12-20,A,72.0,NOW,RISK_ON,LOSS,217.1999969482422,202.81788235644441,238.9199966430664,13.0,0.10321362607072326,-0.2836924359188808,-0.22785447021055094,-1.0,True,0.06621599813017018,stock
2275,2025-01-21,A,70.0,NOW,RISK_ON,LOSS,223.0,210.09794552268454,245.3,7.0,0.07452016240278159,-0.3913363469555774,-0.3122601017289097,-1.0,False,0.0578567465350469,stock
2376,2025-06-16,A,80.0,NOW,RISK_ON,LOSS,200.77000427246094,189.6274538734781,220.84700469970704,17.0,0.0533346233293861,-0.1631917461330329,-0.07156453239454452,-1.0,False,0.055499079353813846,stock
2408,2025-08-01,C,75.0,NOW,RISK_ON,LOSS,183.70399475097656,169.38616215251355,202.07439422607425,7.0,0.05999871254171252,-0.0854526765634831,0.017593574337218643,-1.0,False,0.07793969106590103,stock
2502,2025-12-15,C,75.0,NOW,RISK_ON,LOSS,154.8939971923828,141.41725584368865,170.3833969116211,18.0,0.04543758809977172,-0.3673092451847493,-0.2658850494816687,-1.0,False,0.08700622098321636,stock
2029,2024-01-26,A,75.0,KO,RISK_ON,TIMEOUT,55.19291667247693,53.757323060293,60.71220833972463,63.0,0.06320592827153426,-0.015952720858314895,0.04876714548667849,1.8749045512303004,False,0.0260104683487369,stock
2130,2024-06-21,A,70.0,KO,RISK_ON,WIN,59.51470111092414,57.89249706399738,65.46617122201657,29.0,0.16732827684633422,-0.011112943939758146,0.1451202473619253,3.6687555565943595,True,0.027257198921377096,stock
2206,2024-10-09,A,75.0,KO,RISK_ON,LOSS,66.42963496577298,64.2254793163329,73.07259846235029,10.0,0.019762350065249068,-0.12530743656553478,-0.11881438816193257,-1.0,False,0.03318030650892104,stock
2349,2025-05-07,A,70.0,KO,RISK_ON,LOSS,69.71586623715483,66.26140480691032,76.68745286087032,5.0,0.010597336788259248,-0.05510195554168362,-0.01757940141538239,-1.0,False,0.0495505774609951,stock
2365,2025-05-30,A,85.0,KO,RISK_ON,LOSS,69.55171748864491,66.81218360329001,76.50688923750941,35.0,0.012982443785916509,-0.05287190519831686,-0.035394658631238696,-1.0,False,0.03938844336665244,stock
2380,2025-06-23,A,85.0,KO,RISK_ON,LOSS,68.01379123846804,65.60737565279187,74.81517036231486,50.0,0.035887979014859184,-0.04837641202977072,-0.046071149592194716,-1.0,False,0.03538128873361682,stock
2420,2025-08-19,A,75.0,KO,RISK_ON,LOSS,68.79176791415331,66.4871100579008,75.67094470556864,7.0,0.024050566627545233,-0.06910977039410249,0.006814418691403201,-1.0,False,0.033501942545342674,stock
2476,2025-11-06,A,75.0,KO,RISK_ON,WIN,68.40801177093759,65.8863432201287,75.24881294803136,59.0,0.14247652676888145,-0.02961629049489478,0.12473369575586712,2.712807428596985,True,0.03686218157096326,stock
2499,2025-12-10,A,70.0,KO,RISK_ON,LOSS,69.61873284921789,67.25315553113904,76.58060613413969,16.0,0.16229625987795848,-0.04649197844604158,0.10378153875255114,-1.0,True,0.033979034395846854,stock
2593,2026-04-28,B,80.0,KO,RISK_ON,WIN,77.86726689898849,74.151731321781,85.65399358888735,47.0,0.16762796216912523,-0.019905609403003677,0.14399805436360902,2.095721203065741,True,0.047716270586810064,stock
2631,2026-06-23,A,75.0,KO,,INCOMPLETE,,,,,,,,,,,stock
2653,2026-07-24,A,90.0,KO,,INCOMPLETE,,,,,,,,,,,stock
2026,2024-01-23,A,75.0,EWZ,RISK_ON,LOSS,29.025775391351786,27.825650756391486,31.928352930486966,15.0,0.02216237080429906,-0.10721776818220408,-0.06678648284335797,-1.0,False,0.041346858741209594,stock
2056,2024-03-06,A,75.0,EWZ,RISK_ON,LOSS,28.80845043949827,27.708880706634424,31.6892954834481,8.0,0.0006035141258911025,-0.12371757770975711,-0.12039836535172133,-1.0,False,0.03816830534405494,stock
2367,2025-06-03,A,90.0,EWZ,RISK_ON,TIMEOUT,26.0622812727735,24.800773433976886,28.66850940005085,63.0,0.09281912378844215,-0.03423582853954488,0.06454387840053699,1.3334524460150332,False,0.04840358468982053,stock
2376,2025-06-16,B,70.0,EWZ,RISK_ON,LOSS,27.084089438099472,25.88191854946983,29.79249838190942,22.0,0.08692584526477165,-0.07067145316827572,0.08445235771929216,-1.0,False,0.044386609022880295,stock
2396,2025-07-16,A,75.0,EWZ,RISK_ON,WIN,26.23232711062699,25.130954278570456,28.855559821689692,40.0,0.1477563122925345,-0.04049620250531272,0.061656404955009014,2.3817844736232323,True,0.041985327013185796,stock
2462,2025-10-17,A,70.0,EWZ,RISK_ON,WIN,28.71104948799806,27.50272827822627,31.582154436797868,17.0,0.16545536443470343,-0.004666706909292162,0.15993515462967944,2.376110694392314,True,0.04208558138137366,stock
2508,2025-12-23,A,75.0,EWZ,RISK_ON,WIN,31.324744572744198,29.787826549953,34.45721903001862,18.0,0.25510089717301976,-0.014182095817056206,0.16371159907653343,2.0381532461865,True,0.0490640241047162,stock
2555,2026-03-04,A,70.0,EWZ,RISK_ON,WIN,36.462877549705766,34.02170868003841,40.109165304676345,25.0,0.1415375896286386,-0.06411302085424597,-0.058951417462242306,1.4936646949243761,True,0.06694943004263951,stock
2568,2026-03-23,A,72.0,EWZ,NEUTRAL,WIN,35.819003121563945,32.87320168099749,39.400903433720345,11.0,0.162057615276199,-0.07273230778589634,-0.046595422826836264,1.2159340622318453,True,0.08224130165121794,stock
2595,2026-04-30,A,75.0,EWZ,RISK_ON,LOSS,39.365248338976045,37.2781443186027,43.30177317287365,9.0,0.007549036529050923,-0.15626584961596823,-0.06897573183626371,-1.0,False,0.05301894712821803,stock
2071,2024-03-27,A,82.0,IBM,RISK_ON,LOSS,178.93007599683824,171.21702487786067,196.82308359652208,11.0,0.012255235990971114,-0.14831886232766167,-0.09633375743458028,-1.0,False,0.043106510048729084,stock
2281,2025-01-29,B,90.0,IBM,RISK_ON,LOSS,240.5512572328152,230.24337374682807,264.60638295609675,35.0,0.0729006096236442,-0.1362838557234558,-0.026275757130569954,-1.0,False,0.04285108963704461,stock
2487,2025-11-21,A,75.0,IBM,RISK_ON,LOSS,295.3103847004338,272.5398274411942,324.84142317047724,54.0,0.06925607587253668,-0.2580438181258804,-0.20150294031767346,-1.0,False,0.07710720123282616,stock
2529,2026-01-26,A,75.0,IBM,RISK_ON,LOSS,293.3165400179604,273.9983675492362,322.64819401975643,12.0,0.07652443701217893,-0.2530003064719947,-0.22819279278892302,-1.0,False,0.06586117669171097,stock
2046,2024-02-21,A,75.0,GOOGL,RISK_ON,LOSS,143.65616072853092,135.97545839727246,158.02177680138402,4.0,0.23349207669465755,-0.09839230384804165,0.22714416537373228,-1.0,True,0.053465874991416494,stock
2132,2024-06-25,B,70.0,GOOGL,RISK_ON,LOSS,181.23255669280258,172.8309274021814,199.35581236208284,20.0,0.04993714771698121,-0.19281954334459206,-0.11019344395386921,-1.0,False,0.04635827824722633,stock
2150,2024-07-22,A,90.0,GOOGL,RISK_ON,LOSS,180.65702234023118,171.33968283681259,198.7227245742543,2.0,0.00856906087581999,-0.1902480403080007,-0.1011434359833967,-1.0,False,0.05157474302809694,stock
2292,2025-02-13,A,75.0,GOOGL,RISK_ON,LOSS,184.0984174978102,171.28103470787855,202.50825924759124,8.0,0.007240875151672599,-0.23975011257868728,-0.11299672937469785,-1.0,False,0.06962244957963383,stock
2506,2025-12-19,A,92.0,GOOGL,RISK_ON,WIN,309.47716491524386,287.3553792872898,340.4248814067683,26.0,0.12624239431852535,-0.06242943009568547,-0.06207415283911788,1.3989700927404998,True,0.07148115640135373,stock
2619,2026-06-04,A,90.0,GOOGL,,INCOMPLETE,,,,,,,,,,,stock
2645,2026-07-14,A,90.0,GOOGL,,INCOMPLETE,,,,,,,,,,,stock
2035,2024-02-05,A,75.0,AAPL,RISK_ON,LOSS,184.76853636353553,175.93357684020467,203.2453899998891,18.0,0.022423274842267915,-0.120788929539842,-0.026319848153143255,-1.0,False,0.04781636363643598,stock
2157,2024-07-31,A,72.0,AAPL,RISK_ON,LOSS,222.44309097566543,209.898815481738,244.687400073232,3.0,0.059700084846461055,-0.12644285221680474,0.04265491100804075,-1.0,False,0.056393190001570885,stock
2186,2024-09-11,A,75.0,AAPL,RISK_ON,WIN,220.84449248276735,208.53939999156995,242.9289417310441,60.0,0.11677788772081277,-0.038561815844627256,0.11479817302835826,1.7947406136179083,True,0.055718357985121925,stock
2205,2024-10-08,A,75.0,AAPL,RISK_ON,WIN,223.554178398676,211.7919310489651,245.9095962385436,44.0,0.15608995635852296,-0.02450828401802152,0.0787506273982772,1.9006076964039607,True,0.05261475063433907,stock
2302,2025-02-28,A,70.0,AAPL,RISK_ON,LOSS,240.51913191748446,225.88935561777748,264.5710451092329,6.0,0.009264260537503954,-0.3001777353133743,-0.16823109307640183,-1.0,False,0.060825831953883976,stock
2460,2025-10-15,A,72.0,AAPL,RISK_ON,WIN,247.54966879270205,235.5903721475435,272.3046356719723,11.0,0.16374527999671207,-0.01256795616188322,0.04112912738380925,2.069935014889998,True,0.04831069539896366,stock
2492,2025-12-01,B,70.0,AAPL,RISK_ON,LOSS,282.47518456741903,268.5673667753903,310.722703024161,13.0,0.01985864373689261,-0.13985863193389825,-0.07149949744530737,-1.0,False,0.049235538383051426,stock
2506,2025-12-19,A,75.0,AAPL,RISK_ON,LOSS,272.3539780142796,259.89352401360094,299.5893758157076,11.0,0.02950231902973477,-0.1078940962418935,-0.07690582379340805,-1.0,False,0.045750952828107316,stock
2547,2026-02-20,A,75.0,AAPL,RISK_ON,LOSS,263.24744081710827,246.9948616797854,289.5721848988191,20.0,0.16065708975760362,-0.06823783570581421,0.15856773113425038,-1.0,True,0.06173879254770949,stock
2595,2026-04-30,A,70.0,AAPL,RISK_ON,WIN,278.6032901046287,263.8971141622488,306.4636191150916,16.0,0.23677651902393704,-0.017420074625845383,0.10878088893386395,1.8944645514661373,True,0.052785363506859716,stock
2624,2026-06-11,A,80.0,AAPL,,INCOMPLETE,,,,,,,,,,,stock
2634,2026-06-26,A,75.0,AAPL,,INCOMPLETE,,,,,,,,,,,stock
3089,2024-06-16,A,75.0,BTC,RISK_ON,LOSS,66636.515625,61868.62289725385,73300.1671875,8.0,0.05028809513927812,-0.2628480372881141,-0.1118557838384876,-1.0,False,0.07155075086124973,crypto
3129,2024-07-26,A,70.0,BTC,RISK_ON,LOSS,67911.8125,62026.11669660118,74702.99375000001,7.0,0.030565029647824593,-0.276690807195729,-0.018691865093425353,-1.0,False,0.08666674598618351,crypto
3232,2024-11-06,B,90.0,BTC,RISK_ON,WIN,75637.0859375,69306.5909620995,83200.79453125001,5.0,0.44261087613374195,-0.015292287482568612,0.27735546808789957,1.1948052440040786,True,0.08369564872754998,crypto
3280,2024-12-24,A,80.0,BTC,RISK_ON,WIN,98675.9140625,87898.63001267708,108543.50546875001,27.0,0.10579044389077663,-0.22347565028414906,-0.11354555003567945,0.91559166118593,True,0.1092189938367,crypto
3299,2025-01-12,A,75.0,BTC,RISK_ON,WIN,94488.890625,85928.07457629626,103937.7796875,5.0,0.15479060120989763,-0.21221765653998015,-0.11434057476002879,1.1037369578722276,True,0.0906012970633682,crypto
3314,2025-01-27,A,75.0,BTC,RISK_ON,LOSS,102095.4140625,91465.71519699406,112304.95546875,7.0,0.04234618765396614,-0.27091064401842857,-0.0697060110667006,-1.0,False,0.10411534115527192,crypto
3399,2025-04-22,A,70.0,BTC,RISK_ON,WIN,93427.5859375,84985.975069063,102770.34453125001,16.0,0.31750818711450246,-0.018526380432840273,0.2843681323712357,1.1067506829392448,True,0.09035458621486978,crypto
3454,2025-06-16,A,75.0,BTC,RISK_ON,LOSS,106794.1171875,99797.66508928279,117473.52890625001,6.0,0.16539300539362878,-0.07966650492145111,0.0810040668936074,-1.0,True,0.06551345975296977,crypto
3521,2025-08-22,A,75.0,BTC,RISK_ON,LOSS,116866.3671875,109292.40877281365,128553.00390625001,4.0,0.07984934716100356,-0.30981158701896094,-0.2718975566042813,-1.0,False,0.0648087092716309,crypto
2410,2024-06-15,A,80.0,ETH,RISK_ON,LOSS,3566.761962890625,3222.3406774013683,3923.438159179688,19.0,0.022802490195220848,-0.4049095048501803,-0.32190717286754733,-1.0,False,0.09656413550236638,crypto
2855,2025-09-03,A,82.0,ETH,RISK_ON,LOSS,4450.2158203125,3875.793759776011,4895.237402343751,22.0,0.07036636434196808,-0.409720407257285,-0.2828276411278333,-1.0,False,0.12907734899386347,crypto
2892,2025-10-10,C,75.0,ETH,RISK_ON,WIN,3840.96044921875,3252.187361421821,4225.056494140626,3.0,0.11764902551864687,-0.31608991637350636,-0.19732390898018337,0.6523668504603115,True,0.15328798501861304,crypto
2894,2025-10-12,A,75.0,ETH,RISK_ON,LOSS,4164.04931640625,3530.1360792172286,4580.454248046875,23.0,0.030930562280157226,-0.3691545458692236,-0.25099704232178033,-1.0,False,0.15223480535915343,crypto
2269,2024-01-26,A,80.0,BNB,RISK_ON,WIN,302.3171691894531,272.0627472863467,332.54888610839845,19.0,1.1218812740824577,-0.019036416012430002,0.9770807127443475,0.999249531713617,True,0.10007510319120151,crypto
2352,2024-04-18,A,90.0,BNB,RISK_ON,WIN,552.172119140625,469.3015822850824,607.3893310546875,4.0,0.30515935600568955,-0.17249823915405116,0.0358211113159721,0.6663069168999769,True,0.15008098740030276,crypto
2364,2024-04-30,A,75.0,BNB,RISK_ON,WIN,578.4874877929688,511.04786527041335,636.3362365722656,34.0,0.24578771819485223,-0.21014125539318196,0.015864841501934013,0.8577857736369918,True,0.11657922417622098,crypto
2384,2024-05-20,A,80.0,BNB,RISK_ON,WIN,600.60107421875,549.6372101318686,660.661181640625,15.0,0.19991894513227715,-0.3214720807849558,-0.067902353680517,1.1784841769353815,True,0.084854766790376,crypto
2385,2024-05-21,B,90.0,BNB,RISK_ON,WIN,618.4204711914062,564.6811072667017,680.262518310547,14.0,0.16534403531868347,-0.3410234360727743,-0.07948233557545892,1.1507774302239404,True,0.0868977765583568,crypto
2396,2024-06-01,A,75.0,BNB,RISK_ON,WIN,601.3041381835938,559.1022076069664,661.4345520019532,3.0,0.19851596165439145,-0.32226543725607804,-0.11376466780020278,1.424826139391392,True,0.07018400156717686,crypto
2411,2024-06-16,A,75.0,BNB,RISK_ON,LOSS,610.0736694335938,551.2337234500828,671.0810363769532,17.0,0.003065795856853626,-0.3320075630434537,-0.0919583686452442,-1.0,False,0.09644727994594358,crypto
2455,2024-07-30,A,70.0,BNB,RISK_ON,LOSS,587.6651000976562,537.0757439061078,646.4316101074219,4.0,0.05048334052566883,-0.3065359894602425,0.03063509101550066,-1.0,False,0.08608535062426133,crypto
2505,2024-09-18,A,70.0,BNB,RISK_ON,WIN,559.0445556640625,507.6492576255076,614.9490112304688,5.0,0.4191185959408197,-0.042329256568071294,0.2299981679994707,1.08773482594592,True,0.091934171467791,crypto
2521,2024-10-04,A,80.0,BNB,RISK_ON,WIN,555.3842163085938,501.75651584434024,610.9226379394531,25.0,0.42847150064042583,-0.02066297668586392,0.28495469214229696,1.035629369711265,True,0.09655964085672865,crypto
2623,2025-01-14,A,90.0,BNB,RISK_ON,LOSS,698.6196899414062,635.0635049384764,768.481658935547,19.0,0.04611239465376449,-0.27022427123098225,-0.17024091433084476,-1.0,False,0.09097393892270678,crypto
2662,2025-02-22,A,90.0,BNB,RISK_ON,LOSS,668.574462890625,587.4218966213034,735.4319091796875,6.0,0.03342272595647011,-0.23742870591397203,-0.0004007696237439129,-1.0,False,0.12138149267390991,crypto
2894,2025-10-12,A,70.0,BNB,RISK_ON,LOSS,1303.1473388671875,1090.593259266559,1433.4620727539063,5.0,0.05171992424065719,-0.3908433074485478,-0.3072534727793841,-1.0,False,0.1631082482088323,crypto
2905,2025-10-23,A,80.0,BNB,RISK_ON,LOSS,1127.5726318359375,928.0799755278664,1240.3298950195312,12.0,0.04650898688166971,-0.2959913175978326,-0.21337896466143236,-1.0,False,0.17692222272480396,crypto
