date,asset,entry,fijo_5d,fijo_10d,fijo_21d,rsi14>70,cierre<ema20,trailing_2.5atr,tp5_sl3,year,period
2011-05-16,AAPL,9.938563857962219,0.007228673800878216,0.04768028739111885,-0.01581327768455043,0.1259032449283639,0.012469842636391393,0.018072643665817623,0.05,2011,IS
2011-06-10,AAPL,9.79487165047724,-0.021210436347413264,-0.0025978190996310824,0.08114299071167697,0.14242041109974246,-0.001833701273258992,-0.02358287222496902,-0.03,2011,IS
2011-08-08,AAPL,10.815670209580496,0.061195714624368236,-0.013451327347268505,0.06263508724200095,0.10636577386661261,0.03517855196178976,-0.00878850464399683,0.05,2011,IS
2011-10-03,AAPL,11.212913173774364,0.038016914469089835,0.12125887673700242,0.058573845455990536,0.1037720472719641,-0.005526356593292037,-0.04956429734211698,-0.03,2011,IS
2011-11-14,AAPL,11.399414398836928,-0.030961150812406024,-0.019958446578441258,-0.0016021173419198398,0.0977676526530391,0.021087211129603434,-0.035774765194861446,-0.03,2011,IS
2012-05-15,AAPL,16.585723060831157,0.005270357903272016,0.04533926292764279,0.031549336750316126,0.143467928187742,-0.014384999000901288,0.05195071115108085,-0.03,2012,IS
2012-10-08,AAPL,19.200342635929687,-0.006090417089496869,-0.007234011132441154,-0.15414342776888423,-0.18159122455872478,-0.004384264580152952,-0.02933983746638147,-0.03,2012,IS
2014-04-07,AAPL,16.357190933881252,-0.00668292088485356,0.012395706684372954,0.12783950074862416,0.0810751977861972,-0.00333212730825172,-0.020646699320673645,0.05,2014,IS
2014-10-16,AAPL,21.4817082489637,0.07517935522457231,0.0972306541348904,0.1761546906487228,0.10769209115653466,0.0017435709635418295,0.17993285311467022,0.05,2014,IS
2014-12-12,AAPL,24.495757429412357,0.009755973764703052,0.028997291125817393,-0.008130112877387075,0.13254626179302664,-0.02231249918158018,-0.020371757274203484,-0.03,2014,IS
2015-01-05,AAPL,23.575233439406734,0.025436134168889568,0.020461704923474322,0.12220737086111333,0.17676792375243866,-0.0026281094132791782,0.0026340529609372165,0.05,2015,IS
2015-06-29,AAPL,28.012379079191394,0.0009559626536732591,0.00031857692855230546,-0.0205462219733078,-0.12754906132647514,-0.001114911125178697,-0.024161300458848012,-0.03,2015,IS
2016-11-01,AAPL,25.497551955515803,0.0020666034766909647,-0.03357342069132885,-0.012099176198049011,0.07361677327086502,0.0017055189354515665,-0.033834584535001766,-0.03,2016,IS
2017-06-16,AAPL,33.330434298736115,0.018237589772801543,0.00250608853117007,0.0446890174781891,0.11429769440290904,0.018655106553419287,0.02552595769250776,0.05,2017,IS
2018-03-21,AAPL,39.90079799352127,-0.02070581897741819,0.016470769559915333,-0.02517647827511249,0.10211761483049653,-0.006764669979319904,-0.017960347015642197,-0.03,2018,IS
2018-04-20,AAPL,39.156769773980784,-0.027033417861100695,0.10190024993597269,0.12901469728420056,0.12305924539450253,-0.00953063789749753,0.1093672995368189,-0.03,2018,IS
2018-06-25,AAPL,43.115310134188796,0.02289732140488776,0.040221045211691564,0.06464846902219534,0.10115330649216792,0.007869212194056008,0.03412696549391847,0.05,2018,IS
2019-08-05,AAPL,46.957790753154114,0.025121962594320868,0.07559060468859169,0.06965942995499663,0.2298090277246576,0.00351486144357116,0.021723325205276645,0.05,2019,IS
2020-02-25,AAPL,69.16934783382864,0.009737219989752965,-0.004153107766662223,-0.14312637082267954,0.11322066915607554,0.021359003047710434,-0.03612713693683567,-0.03,2020,OOS
2020-09-18,AAPL,101.40106341982381,0.074038420579293,0.08111705508949285,0.10943174360986863,0.2136836178901207,0.052994077549357366,0.07586514704305425,0.05,2020,OOS
2021-02-25,AAPL,119.29220185674814,-0.020066841966623006,-0.005139176439132087,-0.0112571612654645,0.023679051940292517,-0.01084912506232838,-0.028164627250062524,0.05,2021,OOS
2021-09-20,AAPL,140.50621829477157,0.010005030574282037,-0.03327990330248709,0.033558236890741,0.09845365539626139,-0.0034739111057019434,-0.027662501268475026,-0.03,2021,OOS
2022-01-20,AAPL,160.74309086318223,-0.03162632237644014,0.05157529083653278,0.018812621832323018,-0.014741924556325836,-0.01222475689831004,-0.05087963754619218,-0.03,2022,OOS
2022-02-23,AAPL,149.35793777917277,0.09162389703624019,0.06796396794028414,0.14084408097964474,-0.07768745501358643,0.0665880426018024,0.03457140926377433,0.05,2022,OOS
2022-04-22,AAPL,157.71757136622622,-0.021536949223620483,-0.02239887317147382,-0.11047503955728122,-0.057703796642428085,0.01092359619515193,-0.03582616216572476,-0.03,2022,OOS
2022-08-31,AAPL,153.77074600824523,-0.01391727486708838,-0.027259943023375977,-0.11772198479995799,-0.0516084940047965,0.008427013083262214,-0.008798991329019845,-0.03,2022,OOS
2023-08-04,AAPL,179.61197056531847,-0.022510999498836837,-0.04065415564309094,0.0429704140757774,-0.02877857965138353,-0.01800910718366988,-0.03916485564576033,-0.03,2023,OOS
2024-11-01,AAPL,219.34572401852256,0.02814472809704549,0.01926579712765153,0.09922146267838916,0.09922146267838916,0.004615543636897312,0.1305203283487788,0.05,2024,OOS
2025-01-14,AAPL,233.1503884256181,-0.04607052726157279,0.02011592255983974,0.030495874049612848,-0.17114055579264176,0.013765750664596732,-0.03178375428174218,-0.03,2025,OOS
2026-01-06,AAPL,262.7119324450406,-0.008168814312679462,-0.05908061418648092,0.04829020663109418,-0.009370411153702407,-0.010904352209938684,-0.04059006706881374,-0.03,2026,OOS
2026-06-25,AAPL,275.0,0.12229092684659082,0.14661820845170448,0.2251272860440341,0.21185458096590915,0.03192726828835224,0.18132761708024936,0.05,2026,OOS
2018-04-09,EWZ,26.047761957399988,-0.00852266494226428,0.008522735074092624,-0.05042613830031473,-0.1891959528753797,0.013731013099203881,-0.01913773756991044,-0.03,2018,IS
2019-03-22,EWZ,25.830678380544324,0.010103239725834934,0.04213891421160376,0.013799839786009072,0.10756530908031392,0.008871285840573728,-0.014965191858857141,-0.03,2019,IS
2019-08-05,EWZ,27.62931189880841,-0.006299700514548978,-0.049230334453833846,-0.038964152716471134,0.05039642424917834,0.001633217308151691,-0.0059606461421159995,-0.03,2019,IS
2021-07-19,EWZ,25.334154415999194,0.041432733040713154,0.016305785191819133,-0.038492397014905144,-0.12162523215178278,0.020315378899574466,-0.003363301058334489,0.05,2021,OOS
2022-04-22,EWZ,24.725884563341296,-0.03475697939493272,-0.07687783025276629,0.026215130069863424,-0.16532465133450303,0.004123693269582063,-0.051979358917350504,-0.03,2022,OOS
2023-08-15,EWZ,25.773590436820943,0.006189014486415401,0.0469056419816305,0.0553747330623926,0.08729642989113229,-0.005863201977280519,-0.001478018949397475,0.05,2023,OOS
2023-09-07,EWZ,25.698034244287403,0.05847769789496615,0.01927482569304728,-0.041162988191861705,0.090493249446159,-0.000980094284459443,0.015035183302288813,0.05,2023,OOS
2023-09-26,EWZ,25.63087233124676,-0.04552907195490852,0.0026204282762165576,-0.019980400070021553,0.09335072584587656,-0.015394733381342895,-0.03554715782940754,-0.03,2023,OOS
2026-03-13,EWZ,35.858630263311575,-0.03149179175103434,0.011878377251977268,0.15276235827961204,0.14171271771396743,0.009115967110566059,0.08581953817226684,-0.03,2026,OOS
2026-05-13,EWZ,36.83928940495874,-0.01183103770963545,-0.02903996189938607,-0.05619783745340079,-0.040698104566833426,-0.0016132713312514424,-0.050982743816225806,-0.03,2026,OOS
2010-11-30,GOOGL,13.965256081724013,0.04287751995986744,0.05667846736251936,0.0636945544552665,0.13611012552719237,0.0023978776565929394,0.08919981071282379,0.05,2010,IS
2011-11-23,GOOGL,14.019578841754862,0.08595340465265378,0.08998759540637491,0.12022508124645337,0.17732100577206422,-0.0038748028784133526,0.12781582999689323,0.05,2011,IS
2012-11-07,GOOGL,16.62436232661386,-0.026335577728121895,-0.006460873656780164,0.020904003312512964,0.1572663618392065,-0.026723372354601205,0.05693325171597707,-0.03,2012,IS
2013-08-16,GOOGL,21.2755615472948,0.014573497021119985,-0.012603464083161597,0.03311136060534814,0.1791979483235282,0.00925717758941036,-0.010214698693592927,0.03311136060534814,2013,IS
2013-10-07,GOOGL,21.46432597421588,0.012469418987436365,0.15945557307238145,0.18051126609008095,0.16882768907526713,-0.013463250607137489,0.1402646318447538,0.05,2013,IS
2014-03-24,GOOGL,28.922713257994484,-0.044159583882906084,-0.07360299997041919,-0.07894934004686416,-0.018923679600568066,-0.00624350703702703,-0.03756292229980018,-0.03,2014,IS
2015-08-24,GOOGL,32.03939842990028,0.0020882333027343325,-0.0040064076877536214,0.010549900289518188,0.13094193477278582,-0.052593335482801984,-0.032358315546762606,-0.03,2015,IS
2015-09-29,GOOGL,31.313831081074586,0.06300753955372773,0.08125615370498229,0.16632653003913966,0.15714679418983835,0.010350935492292379,0.18915312631338543,0.05,2015,IS
2016-01-08,GOOGL,36.275837041778786,-0.029318915817384883,0.0022814018015273607,-0.042257144981687644,0.04422412145348953,0.0015301524992923365,-0.02787619736087199,-0.03,2016,IS
2016-02-05,GOOGL,34.08178544538615,0.027934414867519575,0.060158859309328516,0.03759008532941488,0.060275376088060106,0.0239646736655299,0.057962669250658516,0.05,2016,IS
2016-11-02,GOOGL,38.88024096872275,0.026883256123394483,-0.005761637565120936,-0.025544958827721342,0.08289361443828236,-0.0029444893206951317,-0.0002376958908464344,-0.03,2016,IS
2017-08-10,GOOGL,45.77956009466242,0.004276284940674557,0.014268587976326241,0.021197188038964976,0.08870756251549183,0.006906934785862351,0.060437746931063296,0.021197188038964976,2017,IS
2018-02-05,GOOGL,51.24460587228022,0.019903652488317825,0.06732231583344395,0.07839600302803706,0.02380115743223543,0.04879202732054844,-0.0028252523185174905,0.05,2018,IS
2018-03-22,GOOGL,52.10645532994727,-0.013534686644282923,-0.03939608165275932,0.021343579416841507,0.125750183007018,-0.023607314587689276,-0.05261942959991972,-0.03,2018,IS
2018-06-27,GOOGL,55.130641104863024,0.025980133212951895,0.07989101119849695,0.12630467429329628,0.13103316940629828,0.012936137606875286,0.1102235420757589,0.05,2018,IS
2018-10-09,GOOGL,56.320588638181995,-0.0029214361287456247,-0.01891048590763955,-0.02477992422389963,-0.06329631404727731,-0.03892991900246945,-0.05271672986254783,-0.03,2018,IS
2020-02-25,GOOGL,69.1359421457947,-0.04104700777059889,-0.08588634635479797,-0.21029669703031573,0.018136688206611185,-0.0032330501137535217,-0.041653757760498844,-0.03,2020,OOS
2021-09-28,GOOGL,135.77604845611555,-0.006986579094102607,-0.003876518569310483,0.06743673996478661,0.07063086225414272,-0.019174298753464436,-0.0428928766408061,-0.03,2021,OOS
2022-01-05,GOOGL,135.79436399283284,0.03235093742360884,-0.026941694375412828,0.045945869186772015,-0.008102150834836785,0.005467161279587129,-0.011869061596996078,-0.03,2022,OOS
2022-01-20,GOOGL,131.42810942176132,-0.02706399651523239,0.07916287504853381,-0.016520384994016313,-0.09772726583743718,-0.016908855226356656,-0.04745877145242494,-0.03,2022,OOS
2023-10-25,GOOGL,122.18653477861498,0.025797033421059323,0.06952221548538429,0.10886675582761818,0.20629524485433337,-0.008031134020682451,0.05579548951105928,0.05,2023,OOS
2024-08-05,GOOGL,158.11086239581772,0.018577821492531843,0.04606781173477148,-0.018075691844252728,0.09641304838430775,-0.006527386763132359,-0.017336295447256234,0.05,2024,OOS
2025-02-24,GOOGL,177.11488051844918,-0.061952268337180816,-0.06728240219010395,-0.04090965905666133,-0.027751416095590287,-0.01471576733311164,-0.06086093803117354,-0.03,2025,OOS
2026-02-12,GOOGL,307.32996759040856,0.02355965839252705,0.013095920223049617,-0.006352695155553256,0.09627695876393316,-0.006531731367969473,-0.044318538341440505,-0.03,2026,OOS
2026-03-06,GOOGL,294.1842573074437,0.026905896001525376,0.02255747895313487,0.037708991364361566,0.14526441792201994,0.04076641050809959,-0.009445677845383083,0.05,2026,OOS
2026-03-24,GOOGL,293.2648285118823,-0.020038176279306374,0.08137953782598784,0.1548869168582354,0.1488549919765787,-0.008553740951273925,-0.056163867775381626,-0.03,2026,OOS
2026-06-03,GOOGL,358.68575901079333,-0.00642834032312789,0.014230421492632983,0.021674215518689977,-0.012227335788072446,0.03702983775685187,-0.028368504291024,-0.03,2026,OOS
2026-06-24,GOOGL,336.7300109863281,0.07269913482628065,0.06580941092004156,-0.050455914820859094,0.05217823251089437,0.020728715116020258,0.027700924042390662,0.05,2026,OOS
2011-06-03,IBM,91.97036127149818,-0.009589107713668388,-0.0019421567073159007,0.0647609039856174,0.05935970874117036,-6.073898125147359e-05,0.090668576504356,0.05,2011,IS
2011-08-04,IBM,96.06764912308623,-0.026984662643893542,-0.0439084032522048,-0.02552466242172935,0.1119097710239274,0.005113264346539026,-0.034497202088002776,-0.03,2011,IS
2011-11-23,IBM,100.20053282767316,0.06426602003438076,0.07623161858711436,0.037863277723557465,0.11442887004597524,-0.005336758891579585,0.040976120411675865,0.05,2011,IS
2012-05-18,IBM,111.20921192732959,-0.008571712304045409,-0.03796302934002982,0.0150528227919553,0.027431930723247344,0.009082561447815163,-0.024828058834002964,-0.03,2012,IS
2014-05-15,IBM,109.91608997894696,-0.0031676264038910107,-0.010254011809595398,-0.021044935973959622,0.01190797432702273,0.004241104058027911,-0.030405685545828676,-0.021044935973959622,2014,IS
2017-04-10,IBM,110.19576001557151,-0.0035157946633411763,-0.06012254146963092,-0.10502464055547056,-0.09052747160752528,-0.0004101238966989218,-0.0204246944450297,-0.03,2017,IS
2020-02-26,IBM,101.09165856592229,-0.022005402327097245,-0.14041114958484802,-0.17742665285432813,-0.08044248115740271,-0.0300933033006211,-0.04682034467474172,-0.03,2020,OOS
2021-08-19,IBM,109.53275540321788,0.007550541215203488,0.016480183999278974,-0.024902023520922745,-0.1022601737069675,0.009946290540931102,-0.012222442191534233,-0.03,2021,OOS
2021-09-20,IBM,107.44134498024175,0.02553472066248652,0.06661236065722087,0.050847462328795334,-0.0031952993568566956,-0.01583895942562763,0.04598347831865146,0.05,2021,OOS
2022-01-21,IBM,107.8819182540907,0.050863367267667936,0.07156809241954853,-0.02013675903465517,0.093727030124237,0.006484955655149394,0.01909701506412209,0.05,2022,OOS
2023-10-20,IBM,125.45658322267772,0.04310893905483182,0.08248525214497127,0.14250527686696923,0.11334105207976619,-0.0018297591382978595,0.19400134955983184,0.05,2023,OOS
2024-04-12,IBM,173.89787820226672,-0.02150149711059257,-0.09936956576635392,-0.08808898004469645,-0.004985038406693398,-0.023279663489321534,-0.03300801761442662,-0.03,2024,OOS
2024-10-28,IBM,202.3828388282042,-0.02674644127096537,0.007453259332071083,0.08794491914648117,0.11010031278520338,-0.007358897952541077,-0.027971158567463128,-0.03,2024,OOS
2024-12-18,IBM,215.93805748534618,0.002094266413992907,-0.007886996258069878,-0.0051689514255656155,0.150833184038625,-0.002227965440154689,-0.03729645851809149,-0.03,2024,OOS
2025-01-13,IBM,209.7606928548364,0.028715630448869378,0.035137670996461035,0.18125806139899492,0.1847247397440448,-0.0011467889908257645,0.15028429317800507,0.05,2025,OOS
2025-04-04,IBM,212.3592467390292,0.07407403885412056,0.07744929266778056,0.13628888942734374,0.23242175711559887,0.029830291562990885,-0.008173450284929995,0.05,2025,OOS
2025-07-31,IBM,245.1400942002361,-0.004971971458912039,-0.05050263933406263,-0.02495416782699722,0.08669015475984221,-0.0054094928226458006,-0.04601429814362723,-0.03,2025,OOS
2011-02-14,IRSA,7.174685819118437,-0.055407296288775276,-0.05006688501833978,-0.07877181159534541,-0.13417906036873162,-0.011348471310852593,-0.05606362942435372,-0.03,2011,IS
2013-04-17,IRSA,5.454345388248056,-0.0022882485157456056,-0.013729954588964421,0.03661330734781165,-0.11556076272019644,-0.010297451509334032,0.029363772940278476,-0.03,2013,IS
2014-01-13,IRSA,7.28061862277259,-0.0273722472236545,-0.0875910081799226,-0.07755483182806966,0.10127724542640815,-0.007299305073550366,-0.075788549869095,-0.03,2014,IS
2014-01-31,IRSA,6.463542485811415,0.027749397797373287,0.07502594018073161,0.13566305690109282,0.2404930639023488,-0.03288794024302677,0.16312079302507443,-0.03,2014,IS
2014-07-23,IRSA,10.26181604478437,0.0990875320828355,-0.014341431625845114,0.011082223105774558,-0.09908716424452535,-0.019556716625549142,0.007577256376533947,-0.03,2014,IS
2014-09-02,IRSA,9.539341632450824,-0.012622629881528957,0.06451625215216672,-0.05189332982694639,0.0911641914105712,0.04137445757746927,-0.01719488264678959,0.05,2014,IS
2014-09-24,IRSA,9.258380446073863,-0.023121432148374033,-0.016618419305680754,0.026011584274730826,0.12427741110773538,0.0014451275664797425,-0.09598038684546673,-0.03,2014,IS
2014-12-12,IRSA,10.148094726710339,0.0013183309656545905,0.027686221121587362,0.013843130476358212,0.11799611803846055,0.010547120712941283,0.31970988568442915,0.05,2014,IS
2015-04-17,IRSA,11.981039643314054,0.04410952989865069,0.02289219723777358,0.044667914273359255,-0.011725246035317438,0.01954228898266197,-0.00899183128712111,0.05,2015,IS
2015-06-17,IRSA,11.807112805488245,0.06005658633069677,0.01416426523583203,0.050424785842608566,-0.16373948696165286,0.0016996582711723551,0.03204374119247366,0.05,2015,IS
2016-11-01,IRSA,12.121522479598704,0.014348591737630256,-0.03366445255265926,-0.017660156906640467,0.17991154321708924,-0.009933847548555641,-0.03670072436510441,-0.03,2016,IS
2018-02-05,IRSA,18.212449760123725,0.0342570855345834,0.04041560005788036,0.019630286267577457,-0.175904618219891,0.0015396171279751236,-0.054211716084847206,0.05,2018,IS
2021-11-18,IRSA,3.3389074950345234,-0.07744870179288288,0.047835913700675414,-0.08883848493401769,0.08200447765626628,-0.038724424518099765,-0.11647115247602136,-0.03,2021,OOS
2022-04-26,IRSA,3.5214441523603215,-0.004319584462719295,-0.06047507467264801,-0.041036627941737236,-0.14470827613515425,0.008639176910233637,-0.10564438918369123,-0.03,2022,OOS
2023-04-25,IRSA,4.2266674928134025,0.018867722229477968,0.0999999318050635,0.1188677878221549,0.20754707211477275,0.015094354095472218,0.27967940674991576,0.05,2023,OOS
2023-08-03,IRSA,6.21466082542216,0.049295884593397066,-0.0056336899757418735,0.015492998648279466,-0.1977520066109717,0.028169195969375727,-0.03684413595046898,0.05,2023,OOS
2023-09-07,IRSA,5.58444275094417,0.06739800637659443,-0.025078440659875856,-0.03613482336818652,0.0818604646933454,-0.00940451579179491,-0.04660080031775482,0.05,2023,OOS
2023-09-22,IRSA,5.374369121245368,-0.045602602033274375,0.001540790574088069,-0.054592769556053744,0.12414828481112306,-0.004885954365686396,-0.04092291100216294,-0.03,2023,OOS
2025-02-05,IRSA,13.720000267028809,0.018221573989381623,0.04591837479441607,-0.028425680446959034,0.07434398573158663,0.02769680080503467,-0.08169876187122771,0.05,2025,OOS
2025-02-27,IRSA,12.850000381469727,0.020233406030279122,0.016342414934851,0.029571918247923046,0.1750972710665908,0.032684829869702225,-0.04265296708978117,0.05,2025,OOS
2025-06-17,IRSA,13.5600004196167,0.03244834563181653,0.06047195202427558,0.08554570881384227,0.19837754403692998,0.013274288048034766,0.08094956643781193,0.05,2025,OOS
2025-08-27,IRSA,14.359999656677246,-0.020194983898776053,-0.1253481392824105,-0.16643450186554243,0.06963788467327792,0.04038996779755211,-0.05862540398153038,-0.03,2025,OOS
2026-02-12,IRSA,15.130000114440918,0.06675474339511211,0.05353598544716953,-0.028420376862083763,-0.11632519600591362,0.005287503179177033,-0.05963494176684614,-0.03,2026,OOS
2011-07-27,JNJ,42.47968534880564,-0.027901433730709857,-0.07711184196009846,-0.010424728532727134,-0.0025362030281885772,-0.00229957869322972,-0.022257654472957578,-0.03,2011,IS
2012-04-10,JNJ,43.276700863557664,-0.007265266740507537,-0.014221802294183239,-0.006337522991110234,0.030338986079482044,-0.008656750144591663,-0.020087385602143293,-0.006337522991110234,2012,IS
2013-08-16,JNJ,62.48367795341028,-0.004402472558297288,-0.02692489487806371,0.0029173101167943027,0.06293908848462593,0.010953344296057654,-0.010402360143817346,-0.03,2013,IS
2013-12-12,JNJ,64.80395408205841,0.00568509798213257,0.009730784968144057,0.03564406704910228,0.034506791519918645,-0.0012027182533641545,-0.016055893684514433,0.03564406704910228,2013,IS
2014-01-24,JNJ,63.98204520282846,-0.020265796395087743,-0.0028793698610263263,0.016230293164129383,0.06999183749529192,-0.003986717587874611,-0.02849757654393925,-0.03,2014,IS
2014-07-17,JNJ,72.34369227254945,0.015198063057655142,-0.005761558148934864,0.004966400769273349,0.0735679673896592,0.011224842588316353,-0.008194654710040883,0.004966400769273349,2014,IS
2014-07-31,JNJ,71.68973758940741,0.0017040052388568316,0.02265410771007481,0.04682848988834287,0.08336106781871533,0.0014033619351496718,0.06840455554213376,0.04682848988834287,2014,IS
2014-10-13,JNJ,72.73172318694843,-0.01323006386411063,0.03521339808697377,0.08335800633203982,0.041254459838327096,-0.035014390587969624,-0.035698720719439914,-0.03,2014,IS
2014-12-12,JNJ,76.29294558777065,0.007444901146919536,0.005344973630326155,-0.007349492712781069,-0.02481392155953077,-0.007731197714487714,-0.008507134562488083,-0.007349492712781069,2014,IS
2015-01-06,JNJ,75.66670086547984,0.00818017102469093,-0.019343815182393254,-0.013954104112546828,-0.018003092540575083,0.009912311677755081,-0.01168944357357704,-0.03,2015,IS
2016-08-16,JNJ,91.65256034712205,-0.0021840677187133783,-0.0019335075875823726,-0.008951272323461157,-0.028249064004379543,0.006721971440612151,-0.013730070436318353,-0.008951272323461157,2016,IS
2016-09-09,JNJ,90.16603579762483,0.004161054855174262,0.00891641499564444,0.017323671725128387,-0.040117609558839806,0.011888599698387736,-0.0027773062196282394,0.017323671725128387,2016,IS
2017-09-27,JNJ,102.13328442443438,0.02293877745831807,0.051881661416030234,0.0916014189114649,0.083749886714932,-0.003386978900798865,0.05535336555370729,0.05,2017,IS
2018-01-31,JNJ,108.78610702168477,-0.044426533712764615,-0.057150945263785724,-0.05733328863762577,-0.09970322617168281,0.018105180798844822,-0.015107987542419044,-0.03,2018,IS
2018-10-11,JNJ,108.50283359268258,0.03794667480525371,0.030282814142718717,0.0813989147698635,0.0813989147698635,-0.003943443477423592,0.06872952607678995,0.05,2018,IS
2020-02-26,JNJ,119.84776201279473,0.0064535084822539,-0.07547683319381382,-0.11216316106635926,0.03808110638238982,-0.02413020833556323,-0.01979268954018798,-0.03,2020,OOS
2020-05-22,JNJ,123.75144486775018,0.006840211371734295,0.003967030350580547,-0.02277881770675505,0.04769568152254511,-0.011149906666605536,-0.03110574007929856,-0.03,2020,OOS
2021-09-09,JNJ,147.30703115483658,-0.01975660874845464,-0.021892530082297967,-0.04520908432879722,-0.009275056472559995,-0.009374083669221212,-0.02719225878060849,-0.03,2021,OOS
2022-01-19,JNJ,147.16349060314113,0.006515676017340821,0.032757661490705026,-0.006575299631437881,0.10309687465640072,-0.01219435332658314,-0.02988063582168654,-0.03,2022,OOS
2022-06-10,JNJ,151.5458736774458,-0.003645230876621497,0.07079028646264951,0.03151467479252168,-0.04507283844554211,0.004292072669802582,0.02946980322025272,0.05,2022,OOS
2023-01-17,JNJ,154.96623171680227,-0.019458108552997233,-0.04794646913200762,-0.07154081128925371,-0.028248593928186128,-0.01101077458114108,-0.03210575440191654,-0.03,2023,OOS
2024-10-07,JNJ,151.8360444315138,0.01322968583423867,0.020941685162464196,-0.007147719740224212,-0.1008116298508579,0.0012539779381395277,0.015242129188193676,-0.007147719740224212,2024,OOS
2024-11-04,JNJ,150.1033886989094,-0.016680466739633748,-0.01839284847855238,-0.03800762473567898,-0.021065566832939253,0.0043128556000975315,-0.013561234195161087,-0.03,2024,OOS
2011-03-16,KO,19.56498967841626,0.02947337186665,0.05782498120604718,0.0941860941996231,0.07672621657871614,-0.0024027154436271347,0.05898488388832823,0.05,2011,IS
2011-05-27,KO,20.97839112725109,-0.02270689282232219,-0.020145867243040683,-0.006452908659978607,0.034474494900373465,-0.0019421105179417975,-0.023558027640201318,-0.03,2011,IS
2011-08-02,KO,21.14920700030395,-0.004775985234402702,0.01746263981953944,0.05149209751559081,0.00742149315027385,-0.01761179552546477,-0.007999396822004567,-0.03,2011,IS
2011-10-03,KO,20.606977311839792,0.031770119175785316,0.033312697295488025,0.03392969152001335,0.0827621094537303,0.006014914266968541,0.004007089049944401,0.05,2011,IS
2012-05-18,KO,23.930187221892773,0.013744997679248971,-0.007680823939915982,0.027585959685211492,0.07073035832337804,0.004042623035425796,-0.008705945413787775,0.027585959685211492,2012,IS
2012-08-23,KO,24.72019009295347,-0.024428382185086805,-0.004465030501500267,0.0081200558987089,-0.010392348567029863,0.01050700102667168,-0.01907186174971487,0.0081200558987089,2012,IS
2013-05-31,KO,26.486838141531493,0.03654543247055697,0.016740988057656336,0.019765745922092792,-0.0376999727751004,0.021526923502573903,0.0009001775419832381,0.019765745922092792,2013,IS
2014-12-10,KO,29.027592779892935,-0.0016819678398750648,0.03171549976794985,0.024507450106070916,-0.02392351034793716,-0.0021624256342529513,-0.029642622248199246,-0.03,2014,IS
2015-01-28,KO,29.13220889450465,-0.002154592981848502,0.014364229323976296,0.03662908478052107,-0.02091072992854026,0.007900359414434233,0.004324722651778634,0.03662908478052107,2015,IS
2016-01-08,KO,29.965040206909176,-0.0019242139764131805,0.01394899184363707,0.04136576290564853,0.08778241245510676,2.220446049250313e-16,-0.012367366058793183,0.04136576290564853,2016,IS
2016-05-20,KO,32.00715523320906,0.01611078733425253,0.029498215758734236,0.03190570509054691,0.00012338961405333748,-0.0022690827050955154,0.010471244365634957,0.03190570509054691,2016,IS
2018-08-30,KO,35.225373120531934,0.01600009370793498,0.03069331806447284,0.03607217375006089,0.10061670927279365,-0.00955556233723942,0.02250778134819642,0.03607217375006089,2018,IS
2018-10-11,KO,35.11450271795581,0.02540449448767057,0.04563826557425732,0.11690638015292398,0.10409179244908717,0.004496420076388397,0.03236463140934798,0.05,2018,IS
2018-12-20,KO,37.604166017168524,-0.0012691082260553044,-0.006558979660046482,0.021371147910745014,-0.00450322764436295,0.006559487606874637,-0.01621318532084437,-0.03,2018,IS
2019-11-11,KO,42.29693919077669,0.021575989487339298,0.025236379723245994,0.04706253651206027,0.10043419357150452,-0.003852836900931411,0.15303022957864498,0.05,2019,IS
2020-02-26,KO,46.91440445004974,0.030970983132746488,-0.08643902637663736,-0.21822537846044165,-0.16880175608367176,-0.03884516467944199,-0.02081085851168052,-0.03,2020,OOS
2021-01-06,KO,42.52597341108801,0.0013974996108920834,-0.02275909534610665,-0.008784122670906336,0.08401311536170564,-0.0025953497248794033,-0.031125674133427927,-0.03,2021,OOS
2021-06-18,KO,46.76520516443099,0.0018440048526100483,-0.000737889045364315,0.029693497503599398,0.056067447417306404,0.002582061720702633,0.031164219727310316,0.029693497503599398,2021,OOS
2021-09-17,KO,47.02254949680051,-0.00406591381295196,-0.020144128921703697,-0.0031417395239130563,0.05045266237960844,-0.0009240295046490932,-0.018186099783467635,-0.03,2021,OOS
2022-03-08,KO,52.387768186565005,0.004285902593538005,0.024162640019903536,0.06290571223304675,0.08749914258095237,-0.014376472997975731,0.07225689415787273,-0.03,2022,OOS
2022-05-18,KO,53.79478538593103,0.051017145716845125,0.04543977298111512,-0.01805464312342664,0.07678579624148774,-0.015748016714081325,0.0036381756928915987,0.05,2022,OOS
2022-06-14,KO,53.330171360272374,0.0191667398997708,0.04549994040595062,0.041666729175733996,-0.0005995944547496634,-0.005500030517578192,0.014172887708222781,0.05,2022,OOS
2022-08-30,KO,55.445608284923225,-0.0011221766260797184,-0.02548904919846917,-0.08652718227918399,0.034437126792872474,-0.010740653609655815,-0.028984146846060987,-0.03,2022,OOS
2023-01-12,KO,54.731142564722965,-0.010214130882274297,-0.0034594766930424736,-0.0016474461951511143,0.042532349774035305,0.012026351450757033,-0.012802191185802836,-0.0016474461951511143,2023,OOS
2024-10-07,KO,65.67810479326849,0.018829448613120414,0.005938675604485688,-0.05315761546052,-0.09939095466057324,0.0020278010977974326,-0.0038653775380804722,-0.03,2024,OOS
2024-10-25,KO,63.69939086477291,-0.02912187615635975,-0.04540024932063791,-0.038530554626686975,-0.036203746700481765,-0.004330957579039008,-0.03343860345579819,-0.03,2024,OOS
2025-05-13,KO,66.51010694378864,0.040795602348860927,0.032955611968549015,0.048780357131770646,0.016906264031725016,0.004065133853899949,0.00582295441820091,0.05,2025,OOS
2025-06-17,KO,68.07213762938471,-0.005285627317073938,0.013000135697148973,-0.002142845857564857,-0.04328995952855064,-0.011285727364676368,-0.0012541711007758582,-0.002142845857564857,2025,OOS
2026-03-19,KO,75.08522438882993,-0.011644740108364804,0.015217740749215114,-0.0011909208043255903,0.0840280996101812,-0.010850862751563217,-0.005336558637096922,-0.0011909208043255903,2026,OOS
2011-05-13,MELI,82.67467809092629,0.03472978448343733,0.0328523970423511,-0.05819526464103453,-0.18795656744513578,-0.0057492135851734405,-0.006500641818812936,0.05,2011,IS
2011-06-06,MELI,78.68792264799534,-0.046967769116036506,-0.08370346400163242,0.022490447369902355,-0.18815242889652517,0.007642937576375131,-0.08411823830744236,-0.03,2011,IS
2013-06-24,MELI,104.74540688432508,0.014270691080068287,0.03441193761982997,0.00733852682274172,0.20256708769442122,-0.0025259298775199834,0.18702404093708824,-0.03,2013,IS
2013-11-07,MELI,115.16962758658455,-0.03582391746017277,-0.034544331966550934,-0.09408056465876313,-0.18579867724186805,-0.024820846858903955,-0.09318592962964012,-0.03,2013,IS
2014-10-15,MELI,102.42536555790305,0.03137060905089317,0.09806949142691845,0.27625486381867614,0.3141888899554355,0.022586911213803518,0.30944848804777103,0.05,2014,IS
2014-12-16,MELI,125.39196906848986,-0.002286419815220153,0.007912859974224418,-0.058007809489637574,-0.01640279887486651,0.016951776909601257,-0.04965818337400563,-0.03,2014,IS
2015-01-06,MELI,122.06808834279794,-0.02700514674596255,-0.001703060734471018,0.0507665202768155,0.052713305747822625,-0.011921184411706975,0.045335868406720436,-0.03,2015,IS
2015-03-10,MELI,123.94893749641994,0.019567294318793005,-0.022921441947884813,0.036739026580003165,0.1034038255912737,0.010382581752762077,0.1509994798556984,-0.03,2015,IS
2015-06-02,MELI,142.35368290712503,-0.0029233693224390844,-0.0011831513289832785,-0.014772715691676597,-0.2434240685608059,-0.0014615218943669905,-0.0029939407570139798,0.05,2015,IS
2015-07-06,MELI,134.52010350757607,-0.00029463817334807185,0.00818106135267005,-0.04798035906628728,-0.2864200230818964,-0.00287440603405964,-0.04097283595891432,-0.03,2015,IS
2016-06-27,MELI,128.14681843309745,0.08665589254584716,0.1743221042827321,0.17665342888920788,0.1743221042827321,0.031087277974061633,0.2861264764443707,0.05,2016,IS
2017-06-27,MELI,259.7319953733252,-0.042384719374997215,0.0551921752863882,0.10246145272890406,0.09715378720753032,0.00888460599459151,0.034925610031526055,-0.03,2017,IS
2017-08-08,MELI,249.34269283189911,-0.054206713583342836,-0.025280501265125488,0.03637807318766284,0.14286863250863235,0.007692300168250066,0.093021187780427,-0.03,2017,IS
2018-03-19,MELI,368.3900146484375,-0.04069062720459027,-0.06927446053499664,-0.06322106359790458,-0.1985124514099602,-0.009935132649027456,-0.10384587702892112,-0.03,2018,IS
2018-05-10,MELI,315.42999267578125,-0.05256312639016414,-0.0015851377852769133,-0.05611381954932315,0.1406651115856119,-0.02035311498344139,-0.09163529206948962,-0.03,2018,IS
2019-08-05,MELI,588.530029296875,0.05967409200707374,0.025181291610163248,0.0024976987238547466,-0.17457056672995608,0.02125626239567513,0.08937608772556227,0.05,2019,IS
2020-02-25,MELI,635.9400024414062,-0.017627483614209516,-0.05797715975664641,-0.24104476516091722,0.1681605214813633,-0.0061169522808811605,-0.0823256292045016,-0.03,2020,OOS
2020-09-08,MELI,1065.81005859375,-0.03360830390983238,-0.004541229322803653,0.07430023836586286,0.19080321461769612,-0.007947094048458392,0.16206882869433192,-0.03,2020,OOS
2021-02-24,MELI,1703.280029296875,-0.10290734716664984,-0.15717326476159355,-0.17658871361336803,-0.18658708675457436,-0.0529683722883596,-0.10944941488050486,-0.03,2021,OOS
2021-09-28,MELI,1697.3399658203125,-0.06592670099533182,-0.13909409462718436,-0.11626425453603195,-0.2202151099682127,-0.020237534187405037,-0.07608049605785316,-0.03,2021,OOS
2023-10-03,MELI,1238.22998046875,0.016216759763318267,0.001954438176659412,0.049893824468284276,0.12078536374731597,-0.005386658359277541,-0.04769849319474151,-0.03,2023,OOS
2024-01-03,MELI,1489.52001953125,0.0729362567967542,0.1157822376847093,0.19024920858196448,0.17910469533724727,0.020046716365020423,0.14813436955410797,0.05,2024,OOS
2024-02-28,MELI,1593.949951171875,-0.04288715922435593,-0.027184012912595645,-0.0514382463352101,0.022968166218116925,0.0008470138320575415,-0.07725503210210094,-0.03,2024,OOS
2024-04-04,MELI,1495.1300048828125,0.008313694240864145,-0.0835245125674543,0.09058078780350098,0.09058078780350098,0.004407620607432827,-0.055632066780125666,-0.03,2024,OOS
2024-12-09,MELI,1857.0,-0.0324609743117259,-0.06847066473562868,-0.05289713541666663,0.0997415028018982,0.011944024615475168,-0.05636699186994354,-0.03,2024,OOS
2025-04-01,MELI,1900.0,-0.03888948139391446,0.11490529913651315,0.20764211554276324,0.2894736842105263,0.01791054173519746,-0.07168976895502699,-0.03,2025,OOS
2014-03-26,META,59.98324863458813,0.036523033932708504,0.03139980029637157,-0.04627322694751346,0.10940333617626297,0.0076020973711747875,-0.04228310971246341,-0.03,2014,IS
2014-04-28,META,55.6017373715649,0.09146000867487314,0.0666783552633774,0.13228724564495598,0.33677977795022085,0.03672671363321389,0.33571032394055234,0.05,2014,IS
2014-10-10,META,72.59251517553656,0.037143306930501385,0.10159773849887599,0.02417052754280391,0.043971268095824856,-0.0032774202125083196,0.044284599182574214,-0.03,2014,IS
2015-01-15,META,73.39547526196397,0.05118862481811792,0.025256439667498798,0.021069785203529756,0.15221500033717517,0.015397074224094975,-0.00125950378079287,0.05,2015,IS
2015-04-30,META,78.55021480579047,-0.010222171389504653,0.026880283771942848,0.013250852073447561,0.10903567163705774,-0.003154972321299243,0.19860097881183036,-0.03,2015,IS
2015-08-21,META,76.35943967117464,0.1814878545183094,0.14578740148860292,0.2068027230287235,0.326626160879125,0.06568866206387258,-0.017901213416383177,-0.03,2015,IS
2015-09-29,META,87.67011166985618,0.049299046843193306,0.06422434090684304,0.17819988336747739,0.15547281015591463,0.016508356446959027,0.17188488763564624,0.05,2015,IS
2016-01-07,META,99.0105321438869,-0.015118038229736563,-0.019423333050599956,-0.0013015186392425493,0.16279531127692848,-0.025530591634813193,-0.056020911740678914,-0.03,2016,IS
2016-11-03,META,118.54894688858133,0.010118091446793764,-0.015051347026658335,-0.0180616863671601,0.07316660358433014,0.009699838595461419,-0.007882459013073828,-0.03,2016,IS
2017-09-25,META,163.06800168598414,0.03021294489678472,0.04863226102971119,0.044377114914875504,0.11039513515451094,-0.001762877119348305,0.030088259334971612,0.05,2017,IS
2018-02-08,META,173.2386807305524,0.029755201695703004,0.04880989616645004,0.05722140732859127,0.0699818474180589,0.007724915003146426,-0.008828052590878932,-0.03,2018,IS
2019-08-05,META,182.09093948564762,0.009145940575173928,0.013501154767518786,0.018781662383600572,0.06004688320333651,0.004463999425832865,-0.032013127136854,-0.03,2019,IS
2020-02-25,META,195.47344515740704,-0.05730517686848202,-0.09635362441677175,-0.20781989683815827,0.07688018663113305,5.068465293489588e-05,-0.04602657582627068,-0.03,2020,OOS
2021-09-20,META,355.3792435144386,-0.01372401298975745,-0.09001408466323957,-0.051631909788329655,-0.0921896839867985,-0.0028451576392520828,-0.048231395748713934,-0.03,2021,OOS
2023-08-17,META,276.60097562608496,0.02766732306811437,0.06042373436332893,0.08429212545894327,0.19768527047595508,0.015123826252248396,-0.007793411377158943,0.05,2023,OOS
2023-10-26,META,291.9165286472556,0.05565741790979706,0.08852881155601033,0.13657961914875716,0.21678884300415846,0.00764058651201438,0.07963413213006643,0.05,2023,OOS
2024-07-17,META,471.83266375516723,-0.028905268616707502,-0.00035785016333644837,0.1312211114520465,0.1781754742010342,0.0017894865337171328,-0.038056371465568395,-0.03,2024,OOS
2024-11-15,META,553.8534284072965,0.0037700206783304324,0.06425048849714021,0.11291763830778567,0.21153610922657418,-0.004739253406245925,0.08201219835363793,0.05,2024,OOS
2024-12-31,META,586.8195277648132,0.03560992219032477,0.03659364969171053,0.18269673754582283,0.1434749458496296,0.016143288347347795,0.009033931496459369,0.05,2024,OOS
2025-03-10,META,592.1232321992892,0.017457778080940844,0.04092194229927082,-0.1414096445795071,0.10906083038593928,0.017914518777196298,-0.03853122796674646,0.05,2025,OOS
2011-02-15,MSFT,20.66640913761189,-0.017005330669312757,-0.03585915309733878,-0.08391856943326537,-0.08126276871373328,-0.0011090122049163265,-0.033269844922674485,-0.03,2011,IS
2012-05-17,MSFT,23.533495252409185,-0.02416924974643908,-0.04498154910180774,0.0016783343059025846,0.04413221872204076,-0.017455536817141737,-0.04387384655472204,-0.03,2012,IS
2012-09-28,MSFT,23.70530222510209,0.0013417253737877388,-0.02046276114322798,-0.04260293030290874,-0.07836576409929097,-0.01073464275602598,-0.025705977814085457,-0.03,2012,IS
2014-01-06,MSFT,30.008839816655758,-0.03715880033205865,-0.004403699262433336,-0.014037421660289318,0.11842692868560345,0.0022019821724599264,-0.03667760510807483,-0.03,2014,IS
2014-10-13,MSFT,36.99587771354142,0.004786703298344186,0.04650094141547512,0.1139728232117394,0.13084123188431507,-0.0031912330307052317,-0.036079906156531005,-0.03,2014,IS
2014-12-16,MSFT,38.230589199467495,0.07547181148546112,0.031076723631712433,0.026415440965261716,-0.04139472203865213,0.015316369657973672,0.03271233239753668,0.05,2014,IS
2015-01-06,MSFT,39.01981528317781,0.008264748159829027,-0.0013051818340669152,-0.07677260819809228,-0.09144850825727857,0.005437146639602597,-0.005592912539108763,-0.03,2015,IS
2015-06-04,MSFT,39.83676406837791,0.0028069910920489605,0.008853356061167883,-0.04145973173054762,-0.05448390178874707,-0.0036709561347718633,-0.0355141304395471,-0.03,2015,IS
2015-06-29,MSFT,38.46042349576179,-0.009170373410459343,0.020353233307121243,0.035338599665358794,-0.021998465927536737,-0.012525107807220492,0.01218936430259454,-0.03,2015,IS
2016-01-07,MSFT,45.652427958652474,0.014129917096387334,-0.0015276423147954077,-0.05652078590831633,0.044489782910520415,-0.0007637407226626092,-0.02275144256267292,-0.03,2016,IS
2016-02-05,MSFT,43.194158343179666,0.019172290066722386,0.070192111363786,0.04986550340720619,0.017749533487905644,-0.002825416585349294,0.07396304640823059,0.05,2016,IS
2018-03-22,MSFT,82.3354224175554,0.019776604314722945,0.008156373754117041,0.06536333478567324,0.1409012271324337,-0.025921784299711814,0.006642043286150923,0.05,2018,IS
2018-10-10,MSFT,97.7112516783709,0.05087804929670159,-0.028761159032446804,0.06074998925045527,-0.027139338094872234,0.005315663940193005,0.008845375544163758,0.05,2018,IS
2018-10-24,MSFT,98.82426166264925,0.0024402182420031338,0.05077430877993616,-0.02848166124151086,-0.029707159987987564,0.01642421351362988,-0.04659392923379413,-0.03,2018,IS
2019-06-03,MSFT,113.87458253396697,0.09333781675146424,0.09539888304687594,0.1261542157423179,0.1292055827532803,0.015501359677894566,0.11789306602843119,0.05,2019,IS
2020-02-27,MSFT,144.46240975052115,0.09093853305621913,-0.08759286971281988,-0.017781007673743243,0.20569737344713324,0.06298793133034497,0.05946812322891737,0.05,2020,OOS
2020-09-08,MSFT,197.79942927592472,0.005684077555009104,-0.0008668835470065916,0.010741941010657508,0.043234769790844174,0.017774504210646525,-0.04589553345172026,-0.03,2020,OOS
2021-05-12,MSFT,231.52003537715683,0.007780976910557014,0.0424760650446836,0.06900560643544185,0.12500730458479348,0.0050868309016347535,0.18946513340415705,0.05,2021,OOS
2021-09-28,MSFT,274.1333463335849,0.012837476975900097,0.02728853660424524,0.13353211782775798,0.13353211782775798,-0.0038583166607025765,0.18391009426814753,0.05,2021,OOS
2022-01-05,MSFT,301.65524488813156,0.016350008781425673,-0.03688359909911865,-0.023024215958657113,-0.03562771105717777,0.0023311863342057038,-0.026396516390192026,-0.03,2022,OOS
2022-01-21,MSFT,281.4742645277423,0.05496228283686855,0.04702243339805867,-0.013295897621702357,-0.037301603922161086,0.014270988144934549,0.00556881882883653,-0.03,2022,OOS
2023-09-22,MSFT,309.9269765789233,-0.002653111314971479,0.03370287266451011,0.04020986711041252,0.13879157639164785,0.0030007650842427402,0.043583032264503885,0.05,2023,OOS
2024-04-19,MSFT,393.1804896634458,0.015597003777825247,0.016446834763021334,0.06505508697464402,0.12272235586415414,0.0021995723663961186,-0.014324778297843066,-0.03,2024,OOS
2024-08-02,MSFT,383.1485258419234,0.043297302548539696,0.07722662396209845,0.05398148284309312,0.05637542740051904,0.015365984691573464,0.036741969152234155,0.05,2024,OOS
2024-10-07,MSFT,405.27151887368746,0.02005347366715471,0.019177264699770546,0.0013626472301222492,0.10822482481872897,0.009272323229952528,0.02375098852076918,0.05,2024,OOS
2024-12-31,MSFT,420.54116958363784,-0.0022795629101829418,-0.0022326118041440246,-0.03433367079890759,-0.15267665484753634,-0.016332602230086035,-0.026035621833039424,-0.03,2024,OOS
2025-11-06,MSFT,493.8225155697467,0.012757830719587249,-0.035465530887985874,-0.010083516480204557,-0.16683073134903625,-0.00026160555311216527,-0.016086739796888905,-0.03,2025,OOS
2013-06-04,NOW,7.197999954223633,0.11003053930693651,0.046679628758620195,0.15976654985326566,0.20338979682417713,-0.0022228110736454143,0.027401532452589583,0.05,2013,IS
2013-12-11,NOW,9.869999885559082,0.03363726267447187,0.11590679500205092,0.15683894160508127,0.20324220284276118,-0.007092167744260691,0.1873639606331956,0.05,2013,IS
2014-03-21,NOW,12.526000022888184,-0.07536326380454228,-0.16461761702781452,-0.11815427855710581,-0.03368991941276933,-0.017403832954571485,-0.09521920174570242,-0.03,2014,IS
2015-01-15,NOW,12.723999977111816,0.08047785049423695,0.1458660759142445,0.20842505753038076,0.1612700447553872,0.005344218791656363,0.19357151662654792,0.05,2015,IS
2015-06-29,NOW,14.859999656677246,0.01857335324797038,0.04185738281598206,0.04952894199458746,-0.07213994445713368,0.00013464392745943243,0.01598276766344231,0.05,2015,IS
2016-01-06,NOW,15.935999870300293,-0.03627008492524908,-0.0661395525474493,-0.3434989973433443,-0.19051206554212963,-0.00050197165104926,-0.03797339869392602,-0.03,2016,IS
2016-12-01,NOW,14.569999694824219,0.09965680814821454,0.09032258148973749,0.038572428718570695,0.2282773015297015,0.05092660229070356,0.0287562998506119,0.05,2016,IS
2017-03-21,NOW,16.770000457763672,0.025641043138833863,0.01717353005069211,0.05259391445479067,0.12498501531451911,0.014191947281203765,0.26208326367398027,0.05,2017,IS
2017-08-10,NOW,20.986000061035156,0.018393199201505617,0.05470316943792386,0.12141429182706664,0.19651198595836594,0.010673735956639119,0.06887551854171448,0.05,2017,IS
2017-11-29,NOW,24.195999145507812,-0.026615933314372286,0.019755358643988252,0.07778145296520367,0.11596965458353337,0.016697026377475277,-0.03199570732737356,-0.03,2017,IS
2018-04-25,NOW,32.0,0.03437495231628418,0.125249981880188,0.09700000286102295,0.21662497520446777,0.032250046730041504,0.05491948090494936,0.05,2018,IS
2018-06-25,NOW,34.417999267578125,0.03201816530990609,0.07850542512074288,0.06839444888274526,0.13115230504455977,-0.007205564062709224,0.05540227222001315,0.05,2018,IS
2018-10-10,NOW,34.56999969482422,0.10072312624650781,-0.015273355006964029,0.07700314643560291,0.0899624135899888,0.012264963555681963,0.023581276801191153,0.05,2018,IS
2019-06-03,NOW,50.22800064086914,0.09847095409733253,0.09325471944226504,0.1480050572003322,0.04873771632636181,0.025523565825969596,0.12210113948691514,0.05,2019,IS
2019-08-05,NOW,52.332000732421875,-0.011809218487125461,-0.023503774459635585,0.026217186693608285,-0.060613025311768376,0.00019105559491849888,-0.03436089809391618,-0.03,2019,IS
2020-03-09,NOW,60.47600173950195,-0.12219728473747082,-0.1556320241542819,-0.13238309889076938,0.28589848210048796,0.03445994400829955,-0.09427284473554698,-0.03,2020,OOS
2021-03-04,NOW,99.24800109863281,0.013360434308475444,-0.06057553775438684,0.035829434512493874,-0.07171936730635975,-0.01870065680993105,0.03519172483755084,-0.03,2021,OOS
2021-09-28,NOW,124.0,0.021645146031533447,0.014725777410691698,0.07219351491620474,0.05577419650170112,-0.003193578412455933,0.08261433243056215,0.05,2021,OOS
2021-12-01,NOW,119.91400146484375,0.11047918455558214,0.07917343412713884,0.082625920573979,-0.08756275223688847,0.039695132162077096,0.029659594872076145,0.05,2021,OOS
2022-01-04,NOW,117.80000305175781,-0.017928688090023237,-0.11495755064577184,-0.04779290948183457,-0.10365030897751737,-0.027572164808907007,-0.07041112364413515,-0.03,2022,OOS
2023-09-21,NOW,110.35600280761719,0.003153426763386591,-0.008354821452842498,-0.016800208951769258,0.13329586710490493,0.004186432763836567,-0.018522479751878596,-0.03,2023,OOS
2024-05-01,NOW,138.60000610351562,0.040447238830864096,0.09750354772334702,-0.05204909234429378,0.14089465380935762,0.003924899458235931,0.05391157932524959,0.05,2024,OOS
2025-01-10,NOW,202.2259979248047,0.05968573500973329,0.12806461711588168,-0.002057106259728436,-0.20898397753941478,0.004559241046026896,0.11875097487957631,0.05,2025,OOS
2025-02-21,NOW,188.80799865722656,-0.01512649266942423,-0.09894703460664744,-0.09990042607231886,0.07580185459167854,-0.01743566062302515,-0.07287963413548881,-0.03,2025,OOS
2025-07-10,NOW,192.0,-0.0008854071299234656,0.03768746058146166,-0.09113542238871253,-0.0438021024068197,-0.022104183832804325,0.02849280113146402,0.05,2025,OOS
2011-03-10,NVDA,0.41367551424589794,-0.01162178635059996,0.06419463680381021,-0.028777254787731077,-0.05257340795511112,-0.00110685855821413,-0.03683045476191782,-0.03,2011,IS
2011-05-17,NVDA,0.4052050245407795,0.024858782500472465,0.08135598904739694,-0.0853108438147786,-0.27627097536064293,0.019209061845780084,0.018820103200775096,0.05,2011,IS
2014-06-24,NVDA,0.43883393401505194,0.01515961147803857,0.03465071111561202,-0.019491126680379778,0.08925808929973766,0.007579826173880866,0.008999592931317135,0.05,2014,IS
2014-09-15,NVDA,0.4488890951143779,0.004252785334585951,-0.015417490839380155,-0.08665619924248802,0.07017514546037829,0.017543855201720193,-0.009320251136102686,-0.03,2014,IS
2014-10-01,NVDA,0.43528630581309746,0.001096295155546656,-0.043859728179508894,0.02467106405148467,0.10361834554445193,-0.002741225454503393,-0.033136555381623634,-0.03,2014,IS
2014-12-12,NVDA,0.4759523668511933,0.02819755119250389,0.035246818904483446,-0.00604216954579484,0.12285988863101727,-0.01460217800060315,-0.03720348443980459,-0.03,2014,IS
2015-01-06,NVDA,0.46325072484129143,0.017071866445290684,0.050180924233391266,0.060010303425088285,0.15364702736146518,-0.009829247028355304,0.015132785160404838,0.05,2015,IS
2015-01-28,NVDA,0.4630110700749969,0.043478330312747504,0.07712183754391688,0.14621870441596507,0.1542441556519052,0.02380952527863167,0.16100405015767327,0.05,2015,IS
2015-03-25,NVDA,0.495828478577523,0.019407364100306745,0.09315780474441815,0.06889789576947192,0.03192590460605227,0.017467138784014402,0.0409802076090815,0.05,2015,IS
2016-01-08,NVDA,0.7226027113332706,-0.08597461557614094,-0.04180729409545425,-0.14059357972540465,0.10820340718847987,0.0006742599418374517,-0.04143790104128764,-0.03,2016,IS
2016-02-05,NVDA,0.6341652626690505,-0.01152481540565864,0.2109106244809511,0.22419044341886507,0.26274779443583274,-0.03111788457224751,0.34235316464054977,-0.03,2016,IS
2018-03-23,NVDA,5.880561753784872,-0.07121846317494551,-0.0949158980133259,-0.0705880927744501,0.09298329571313224,-0.052436928198930866,-0.03295109050149958,-0.03,2018,IS
2018-06-25,NVDA,6.025122886209886,-0.005990734114776686,0.03918749780674968,0.0335246873005941,0.16477300122480454,-0.007016882578472328,0.013907514706873014,-0.03,2018,IS
2018-10-10,NVDA,5.990570932922012,0.0036751317678391793,-0.17657020452349026,-0.14939920591806732,-0.37816195951922593,-0.029070429581523838,-0.05845316432458458,-0.03,2018,IS
2021-08-18,NVDA,19.426802456904166,0.13947905756289591,0.15137784512819907,0.12362091289360921,0.16117790932070597,0.12362091289360921,-0.025102306054536117,-0.03,2021,OOS
2021-09-28,NVDA,20.871501019861885,-0.02335246799312196,-0.012846355597917691,0.16766970138904713,0.18037235114371852,-0.020200588581904655,0.4187801871456076,-0.03,2021,OOS
2021-12-13,NVDA,27.61177134537967,0.000721970791512927,0.09469662524904998,0.010830615424890278,-0.11548516713995349,0.02303334062559026,-0.021738264846768662,0.05,2021,OOS
2022-01-19,NVDA,25.22431303336184,-0.10006315166801738,-0.0024500650510711486,-0.03149692137143567,-0.2022431110428058,-0.04560548517990759,-0.1319410685380069,-0.03,2022,OOS
2023-08-11,NVDA,40.40728424676243,0.06948066971828548,0.13663990299987727,0.10837554298800045,0.19396786572585167,0.08069451874945455,0.1451152717476969,0.05,2023,OOS
2023-09-21,NVDA,41.494589042058344,0.03649095381384093,0.07495418400894138,-0.00445003849619241,0.19445784961068857,0.0009141252632400843,0.0457978781845656,0.05,2023,OOS
2023-10-20,NVDA,41.15222663549808,-0.01768183825341496,0.09158612962718204,0.22265898796119488,0.20439503885562638,0.04234879280824688,-0.036758871090262324,0.05,2023,OOS
2024-12-18,NVDA,131.56349862817564,0.06200678905804691,0.09646341030821537,0.1161962019972067,-0.08393206199319903,-0.008196735550096479,0.06303249735082406,0.05,2024,OOS
2025-12-12,NVDA,177.7232402429772,0.01714055935548431,0.05777222573956231,0.029223218786123883,0.013879709464375889,-0.009272839904656882,0.0010211383686793418,-0.03,2025,OOS
2026-02-05,NVDA,176.47474973392875,0.05801130504473817,0.0743110610475941,0.03373140072118641,0.14149591367714542,0.0346370291857776,0.036457868195586274,0.05,2026,OOS
2026-06-25,NVDA,193.1199951171875,0.008854633166438974,0.09237785857365077,0.017553849810276523,0.1596935189334776,-0.0030550763919220403,0.013039559486437202,0.05,2026,OOS
2011-07-18,PAMP,14.572286303903763,-0.010906547832003066,-0.008861607131327665,-0.15269252800164346,-0.128152650594074,0.0013632927052040777,-0.056282935415490565,-0.03,2011,IS
2014-01-21,PAMP,4.949999809265137,-0.15353530935943716,-0.18383836009626142,0.024242498387905043,0.13131315563907653,-0.022222153720360738,-0.090806388257205,-0.03,2014,IS
2014-08-13,PAMP,9.5,-0.02105261150159332,-0.06526314584832438,0.09894732425087382,0.2168421494333368,-0.023157922845137735,-0.003618284454335985,-0.03,2014,IS
2014-10-13,PAMP,9.460000038146973,0.0961944866535498,0.11733611545467526,0.22198735443991335,0.22198735443991335,-0.013742083923541148,-0.10125944403470166,-0.03,2014,IS
2014-12-12,PAMP,10.449999809265137,-0.08708132670062718,-0.029665021205792952,-0.03444972854047945,0.16459332999258325,-0.06698562890350546,-0.11111047696039522,-0.03,2014,IS
2015-04-20,PAMP,16.510000228881836,0.07268315196577624,0.06238647318996837,-0.03937011285242198,-0.004845543464385038,-0.024227717321925413,-0.025657817562672935,-0.03,2015,IS
2015-05-26,PAMP,14.619999885559082,0.034199726669893904,0.044459683809343176,-0.03898766752982241,0.12380303924656855,-0.0020519653355690615,-0.030452085636593962,-0.03,2015,IS
2015-06-15,PAMP,14.239999771118164,-0.009129221666462795,-0.054072999751803574,0.15379217480743357,0.15379217480743357,-0.016853916782002765,-0.1004810802127728,-0.03,2015,IS
2015-08-24,PAMP,15.020000457763672,0.06125160416650255,0.11717710887099941,0.07856193536704259,0.28162446160578436,-0.027962720605434588,0.011381945505029911,-0.03,2015,IS
2015-09-29,PAMP,15.430000305175781,0.0019442470756871888,0.0816591188568665,0.5294880048416739,0.2475696448005158,-0.010369400145665564,0.5419430471101523,-0.03,2015,IS
2016-01-04,PAMP,19.75,0.007594917393937806,-0.045569600938241694,0.13417719587495047,0.029873425447488167,-0.02481011499332475,-0.09442022129607341,-0.03,2016,IS
2016-01-19,PAMP,18.5,0.1524324159364443,0.19405406230204814,0.15567563031170817,0.21513511039115296,-0.006486531850454003,0.1808640376219992,-0.03,2016,IS
2016-03-07,PAMP,19.959999084472656,0.004509025887576401,0.004509025887576401,0.01903813053833492,0.22494999420915174,0.0035070944581008234,0.0017247151788697401,0.05,2016,IS
2016-04-07,PAMP,19.899999618530273,0.14321610231670023,0.1180904736943551,0.13668348104742378,0.2286432779713401,0.014572910607360212,0.04831004655266247,0.05,2016,IS
2016-12-20,PAMP,33.33000183105469,-0.008400917450093082,0.09030897558273421,0.3378337144596819,0.18991892195035964,0.01980197453206145,-0.04838044896425564,-0.03,2016,IS
2017-07-17,PAMP,52.9900016784668,0.044347959986497765,0.025665158569091906,0.16965460613341965,0.24193235467166496,-0.0058501861383595255,-0.010774754280819754,0.05,2017,IS
2018-02-05,PAMP,59.15999984741211,0.030933093910999077,0.08806631021987443,0.04124406073364306,-0.20419198863276955,0.10699793834827598,0.050612115484004905,0.05,2018,IS
2021-06-29,PAMP,15.050000190734863,0.023255775638519882,0.04784054869793675,0.1043189786446026,0.2272424637393069,0.007973414221812192,0.025676880202591068,0.05,2021,OOS
2021-11-29,PAMP,16.610000610351562,0.1330523180773009,0.08789879776179932,0.231787979087835,0.2709211218930083,-0.0054184316243673925,0.17197495612075753,0.05,2021,OOS
2022-04-26,PAMP,21.760000228881836,-0.022518371597615716,-0.06617649443524909,0.09007348639046286,0.08685658868421609,0.020220612565693408,-0.07466472033966576,0.05,2022,OOS
2022-06-10,PAMP,21.079999923706055,-0.06404176405862072,0.013757159230404659,0.004269456969337115,0.2324478005818138,-0.032258079109908744,0.06704610855778137,-0.03,2022,OOS
2022-09-26,PAMP,22.40999984741211,0.07585902608275874,0.05577867061629416,0.09772425475096624,0.3784024810341795,0.0017849583132398816,0.17931271961673367,0.05,2022,OOS
2022-10-12,PAMP,22.0,0.05818184939297755,0.12181819568980834,0.1399999965320935,0.40409088134765625,0.043636322021484375,0.21135916975319335,0.05,2022,OOS
2023-03-13,PAMP,28.799999237060547,-0.02326389215426694,0.06944444628409396,0.2642361393037409,0.30416674889900275,0.0010416905361199102,0.19576127703680224,-0.03,2023,OOS
2023-09-08,PAMP,39.22999954223633,0.030843719056635077,0.02243183987722963,-0.01911802214508118,0.20367070537088572,-0.034922226558014025,-0.04359540893313263,-0.03,2023,OOS
2025-01-27,PAMP,83.52999877929688,0.01783787723625374,-0.034358855011725864,-0.07709807895989607,-0.11971746852794785,-0.026696944332911587,-0.03305306106940986,-0.03,2025,OOS
2025-02-11,PAMP,75.12000274658203,0.07627789560750209,0.026224620863691817,0.04712461110351085,0.11954200478177768,0.04046859430746852,-0.01669282418402962,0.05,2025,OOS
2025-02-27,PAMP,73.0,0.06712330857368354,0.07753429674122425,0.08835612257866021,0.050273947519798856,0.05219174737799648,0.03013282122370642,0.05,2025,OOS
2026-01-06,PAMP,84.20999908447266,-0.023987610319768704,-0.009381319607127403,-0.028025182710003316,0.02838142044451253,-0.03598146077946662,-0.01936773398573166,-0.03,2026,OOS
2026-02-17,PAMP,80.29000091552734,0.014198522563822369,-0.06264788543954447,0.06152699445854526,0.026404318375989,-0.00560473997391242,-0.05459570409911996,-0.03,2026,OOS
2021-07-19,VIST,3.380000114440918,0.2781065163886669,0.4171597040449615,0.3224851002500715,0.4349111658047389,0.06508869311918364,0.3250591941914498,0.05,2021,OOS
2021-09-10,VIST,4.579999923706055,-0.013100424405900424,-0.0480348894883017,0.3908296925045778,0.18995631005493419,-0.06331877001831143,-0.09145724507205655,-0.03,2021,OOS
2021-11-19,VIST,5.320000171661377,-0.011278184369081234,-0.011278184369081234,-0.020676716158836594,0.3157894312274012,0.037593947896937596,-0.05135595045612462,0.05,2021,OOS
2022-04-26,VIST,8.020000457763672,0.09975052261825201,-0.028678364436749537,0.16334156997138982,0.07107227709350528,0.0635909284411349,-0.028784542011917824,0.05,2022,OOS
2022-06-13,VIST,8.300000190734863,-0.12168677176770193,-0.037349447288296034,-0.254216877714022,0.05783126881998668,-0.04819278146691419,-0.15513132232860527,-0.03,2022,OOS
2022-09-23,VIST,8.550000190734863,0.10175437031005563,0.38128656797160176,0.49824562968994424,0.33333325897276445,-0.017543926182263303,0.2863111008350676,0.05,2022,OOS
2023-10-30,VIST,28.040000915527344,-0.030670491521821996,-0.06490733034052842,0.0848787119492802,0.1729671296635149,-0.0292439934165184,-0.08951104699646362,-0.03,2023,OOS
2025-01-28,VIST,52.59000015258789,0.012740029796564745,-0.03460733389510473,-0.07415861408182545,-0.14109149956481692,0.04506558138445138,-0.04997023405189305,0.05,2025,OOS
2026-06-24,VIST,63.709999084472656,-0.016010052933939978,0.0006278593015565104,0.09088056817973622,0.03531627738711385,0.020718877943696645,-0.004684841417874397,-0.03,2026,OOS
2011-03-16,YPFD,38.82752593986326,-0.08137454994031601,-0.036585205109649466,-0.0037692514366312047,-0.040468427276762364,0.019955688610396205,-0.02754289575970381,0.05,2011,IS
2014-01-24,YPFD,22.221462034037742,-0.03772764503337611,0.05941018222114569,0.18386807971931796,0.20988716971318766,0.11361669123639451,-0.0513092849747524,-0.03,2014,IS
2014-08-12,YPFD,31.083723064206517,0.027397303276300633,0.03985065078006378,0.10211714285226625,0.05821913892274155,-0.008405932733298371,0.022774361999879478,-0.03,2014,IS
2014-10-07,YPFD,31.55791387800017,-0.05550446516946006,0.008586262252863408,0.029745511818412007,-0.2348973249586579,0.007359639965579978,-0.09337096515847398,-0.03,2014,IS
2017-11-14,YPFD,21.674530374684878,0.04458591736733131,0.015013673033711594,-0.014558659299444665,0.12511376547395026,0.01273888500804854,-0.014224066731296392,0.05,2017,IS
2022-04-22,YPFD,4.460000038146973,-0.04932741371011595,-0.07623321741700095,0.00896860123562826,-0.28251120620769277,0.00224209685182708,-0.12129643801432399,-0.03,2022,OOS
2023-03-13,YPFD,9.960000038146973,-0.08333332535413063,0.035140600414580225,0.2590361359261657,0.2449798766102469,-0.01807231972754786,-0.12346636616212237,0.05,2023,OOS
2023-05-04,YPFD,10.829999923706055,0.08494922278624717,0.004616822815059818,0.08310245843679476,0.24192058208828793,0.02770084883178847,0.006302922859520166,0.05,2023,OOS
2023-09-06,YPFD,13.34000015258789,-0.03748125894159027,-0.04122939913371482,-0.13868068667981504,0.12518741058409755,-0.018740629470795134,-0.07801071459789855,-0.03,2023,OOS
2024-06-04,YPFD,20.260000228881836,0.0004935947072488567,0.03701875575158331,-0.00888451644335031,0.16979271940746044,0.027147049893735398,-0.056261178992705,-0.03,2024,OOS
2025-01-27,YPFD,39.84000015258789,-0.03413656137406462,-0.04618474260895222,-0.10441766645279216,-0.2186245220497448,-0.024598381990032947,-0.0772175116086099,-0.03,2025,OOS
2025-02-11,YPFD,35.220001220703125,0.05366267246286904,0.013060734484082293,-0.04287342657282067,0.028960829710706903,0.029528593548677762,0.006031606094308195,0.05,2025,OOS
2025-02-27,YPFD,34.119998931884766,-0.020808883549206958,-0.012016408565270198,0.055099681329661365,0.036928551455873926,0.027256750711873723,-0.053992559795761674,0.05,2025,OOS
2026-02-27,YPFD,35.880001068115234,0.028149339227047543,0.06605347997023525,0.2853956956224648,0.2034559370051885,-0.014771532280279831,-0.06852769186171515,-0.03,2026,OOS
2026-06-24,YPFD,45.5,-0.011868151989611997,0.0338461739676339,0.1296703632061298,0.08043955708598038,0.005714248824905566,0.08043955708598038,-0.03,2026,OOS
